[2026-04-19 15:29:25] local.ERROR: No application encryption key has been specified. {"exception":"[object] (Illuminate\\Encryption\\MissingAppKeyException(code: 0): No application encryption key has been specified. at D:/nintis/Package-Provider/vendor/laravel/framework/src/Illuminate/Encryption/EncryptionServiceProvider.php:83)
[stacktrace]
#0 D:/nintis/Package-Provider/vendor/laravel/framework/src/Illuminate/Support/helpers.php(393): Illuminate/Encryption/EncryptionServiceProvider->{closure:Illuminate/Encryption/EncryptionServiceProvider::key():81}('')
#1 D:/nintis/Package-Provider/vendor/laravel/framework/src/Illuminate/Encryption/EncryptionServiceProvider.php(81): tap('', Object(Closure))
#2 D:/nintis/Package-Provider/vendor/laravel/framework/src/Illuminate/Encryption/EncryptionServiceProvider.php(64): Illuminate/Encryption/EncryptionServiceProvider->key(Array)
#3 D:/nintis/Package-Provider/vendor/laravel/framework/src/Illuminate/Encryption/EncryptionServiceProvider.php(32): Illuminate/Encryption/EncryptionServiceProvider->parseKey(Array)
#4 D:/nintis/Package-Provider/vendor/laravel/framework/src/Illuminate/Container/Container.php(1118): Illuminate/Encryption/EncryptionServiceProvider->{closure:Illuminate/Encryption/EncryptionServiceProvider::registerEncrypter():29}(Object(Illuminate/Foundation/Application), Array)
#5 D:/nintis/Package-Provider/vendor/laravel/framework/src/Illuminate/Container/Container.php(936): Illuminate/Container/Container->build(Object(Closure))
#6 D:/nintis/Package-Provider/vendor/laravel/framework/src/Illuminate/Foundation/Application.php(1078): Illuminate/Container/Container->resolve('encrypter', Array, true)
#7 D:/nintis/Package-Provider/vendor/laravel/framework/src/Illuminate/Container/Container.php(864): Illuminate/Foundation/Application->resolve('encrypter', Array)
#8 D:/nintis/Package-Provider/vendor/laravel/framework/src/Illuminate/Foundation/Application.php(1058): Illuminate/Container/Container->make('encrypter', Array)
#9 D:/nintis/Package-Provider/vendor/laravel/framework/src/Illuminate/Container/Container.php(1339): Illuminate/Foundation/Application->make('encrypter')
#10 D:/nintis/Package-Provider/vendor/laravel/framework/src/Illuminate/Container/Container.php(1240): Illuminate/Container/Container->resolveClass(Object(ReflectionParameter), 'Illuminate//Cont...')
#11 D:/nintis/Package-Provider/vendor/laravel/framework/src/Illuminate/Container/Container.php(1165): Illuminate/Container/Container->resolveDependencies(Array)
#12 D:/nintis/Package-Provider/vendor/laravel/framework/src/Illuminate/Container/Container.php(936): Illuminate/Container/Container->build('Illuminate//Cook...')
#13 D:/nintis/Package-Provider/vendor/laravel/framework/src/Illuminate/Foundation/Application.php(1078): Illuminate/Container/Container->resolve('Illuminate//Cook...', Array, true)
#14 D:/nintis/Package-Provider/vendor/laravel/framework/src/Illuminate/Container/Container.php(864): Illuminate/Foundation/Application->resolve('Illuminate//Cook...', Array)
#15 D:/nintis/Package-Provider/vendor/laravel/framework/src/Illuminate/Foundation/Application.php(1058): Illuminate/Container/Container->make('Illuminate//Cook...', Array)
#16 D:/nintis/Package-Provider/vendor/laravel/framework/src/Illuminate/Pipeline/Pipeline.php(208): Illuminate/Foundation/Application->make('Illuminate//Cook...')
#17 D:/nintis/Package-Provider/vendor/laravel/framework/src/Illuminate/Pipeline/Pipeline.php(137): Illuminate/Pipeline/Pipeline->{closure:{closure:Illuminate/Pipeline/Pipeline::carry():194}:195}(Object(Illuminate/Http/Request))
#18 D:/nintis/Package-Provider/vendor/laravel/framework/src/Illuminate/Routing/Router.php(821): Illuminate/Pipeline/Pipeline->then(Object(Closure))
#19 D:/nintis/Package-Provider/vendor/laravel/framework/src/Illuminate/Routing/Router.php(800): Illuminate/Routing/Router->runRouteWithinStack(Object(Illuminate/Routing/Route), Object(Illuminate/Http/Request))
#20 D:/nintis/Package-Provider/vendor/laravel/framework/src/Illuminate/Routing/Router.php(764): Illuminate/Routing/Router->runRoute(Object(Illuminate/Http/Request), Object(Illuminate/Routing/Route))
#21 D:/nintis/Package-Provider/vendor/laravel/framework/src/Illuminate/Routing/Router.php(753): Illuminate/Routing/Router->dispatchToRoute(Object(Illuminate/Http/Request))
#22 D:/nintis/Package-Provider/vendor/laravel/framework/src/Illuminate/Foundation/Http/Kernel.php(200): Illuminate/Routing/Router->dispatch(Object(Illuminate/Http/Request))
#23 D:/nintis/Package-Provider/vendor/laravel/framework/src/Illuminate/Pipeline/Pipeline.php(180): Illuminate/Foundation/Http/Kernel->{closure:Illuminate/Foundation/Http/Kernel::dispatchToRouter():197}(Object(Illuminate/Http/Request))
#24 D:/nintis/Package-Provider/packages/NIN/RequestLogAnalyzer/src/Http/Middleware/TrackRequest.php(119): Illuminate/Pipeline/Pipeline->{closure:Illuminate/Pipeline/Pipeline::prepareDestination():178}(Object(Illuminate/Http/Request))
#25 D:/nintis/Package-Provider/vendor/laravel/framework/src/Illuminate/Pipeline/Pipeline.php(219): NIN/RequestLogAnalyzer/Http/Middleware/TrackRequest->handle(Object(Illuminate/Http/Request), Object(Closure))
#26 D:/nintis/Package-Provider/vendor/laravel/framework/src/Illuminate/Foundation/Http/Middleware/TransformsRequest.php(21): Illuminate/Pipeline/Pipeline->{closure:{closure:Illuminate/Pipeline/Pipeline::carry():194}:195}(Object(Illuminate/Http/Request))
#27 D:/nintis/Package-Provider/vendor/laravel/framework/src/Illuminate/Foundation/Http/Middleware/ConvertEmptyStringsToNull.php(31): Illuminate/Foundation/Http/Middleware/TransformsRequest->handle(Object(Illuminate/Http/Request), Object(Closure))
#28 D:/nintis/Package-Provider/vendor/laravel/framework/src/Illuminate/Pipeline/Pipeline.php(219): Illuminate/Foundation/Http/Middleware/ConvertEmptyStringsToNull->handle(Object(Illuminate/Http/Request), Object(Closure))
#29 D:/nintis/Package-Provider/vendor/laravel/framework/src/Illuminate/Foundation/Http/Middleware/TransformsRequest.php(21): Illuminate/Pipeline/Pipeline->{closure:{closure:Illuminate/Pipeline/Pipeline::carry():194}:195}(Object(Illuminate/Http/Request))
#30 D:/nintis/Package-Provider/vendor/laravel/framework/src/Illuminate/Foundation/Http/Middleware/TrimStrings.php(51): Illuminate/Foundation/Http/Middleware/TransformsRequest->handle(Object(Illuminate/Http/Request), Object(Closure))
#31 D:/nintis/Package-Provider/vendor/laravel/framework/src/Illuminate/Pipeline/Pipeline.php(219): Illuminate/Foundation/Http/Middleware/TrimStrings->handle(Object(Illuminate/Http/Request), Object(Closure))
#32 D:/nintis/Package-Provider/vendor/laravel/framework/src/Illuminate/Http/Middleware/ValidatePostSize.php(27): Illuminate/Pipeline/Pipeline->{closure:{closure:Illuminate/Pipeline/Pipeline::carry():194}:195}(Object(Illuminate/Http/Request))
#33 D:/nintis/Package-Provider/vendor/laravel/framework/src/Illuminate/Pipeline/Pipeline.php(219): Illuminate/Http/Middleware/ValidatePostSize->handle(Object(Illuminate/Http/Request), Object(Closure))
#34 D:/nintis/Package-Provider/vendor/laravel/framework/src/Illuminate/Foundation/Http/Middleware/PreventRequestsDuringMaintenance.php(109): Illuminate/Pipeline/Pipeline->{closure:{closure:Illuminate/Pipeline/Pipeline::carry():194}:195}(Object(Illuminate/Http/Request))
#35 D:/nintis/Package-Provider/vendor/laravel/framework/src/Illuminate/Pipeline/Pipeline.php(219): Illuminate/Foundation/Http/Middleware/PreventRequestsDuringMaintenance->handle(Object(Illuminate/Http/Request), Object(Closure))
#36 D:/nintis/Package-Provider/vendor/laravel/framework/src/Illuminate/Http/Middleware/HandleCors.php(61): Illuminate/Pipeline/Pipeline->{closure:{closure:Illuminate/Pipeline/Pipeline::carry():194}:195}(Object(Illuminate/Http/Request))
#37 D:/nintis/Package-Provider/vendor/laravel/framework/src/Illuminate/Pipeline/Pipeline.php(219): Illuminate/Http/Middleware/HandleCors->handle(Object(Illuminate/Http/Request), Object(Closure))
#38 D:/nintis/Package-Provider/vendor/laravel/framework/src/Illuminate/Http/Middleware/TrustProxies.php(58): Illuminate/Pipeline/Pipeline->{closure:{closure:Illuminate/Pipeline/Pipeline::carry():194}:195}(Object(Illuminate/Http/Request))
#39 D:/nintis/Package-Provider/vendor/laravel/framework/src/Illuminate/Pipeline/Pipeline.php(219): Illuminate/Http/Middleware/TrustProxies->handle(Object(Illuminate/Http/Request), Object(Closure))
#40 D:/nintis/Package-Provider/vendor/laravel/framework/src/Illuminate/Foundation/Http/Middleware/InvokeDeferredCallbacks.php(22): Illuminate/Pipeline/Pipeline->{closure:{closure:Illuminate/Pipeline/Pipeline::carry():194}:195}(Object(Illuminate/Http/Request))
#41 D:/nintis/Package-Provider/vendor/laravel/framework/src/Illuminate/Pipeline/Pipeline.php(219): Illuminate/Foundation/Http/Middleware/InvokeDeferredCallbacks->handle(Object(Illuminate/Http/Request), Object(Closure))
#42 D:/nintis/Package-Provider/vendor/laravel/framework/src/Illuminate/Http/Middleware/ValidatePathEncoding.php(28): Illuminate/Pipeline/Pipeline->{closure:{closure:Illuminate/Pipeline/Pipeline::carry():194}:195}(Object(Illuminate/Http/Request))
#43 D:/nintis/Package-Provider/vendor/laravel/framework/src/Illuminate/Pipeline/Pipeline.php(219): Illuminate/Http/Middleware/ValidatePathEncoding->handle(Object(Illuminate/Http/Request), Object(Closure))
#44 D:/nintis/Package-Provider/vendor/laravel/framework/src/Illuminate/Pipeline/Pipeline.php(137): Illuminate/Pipeline/Pipeline->{closure:{closure:Illuminate/Pipeline/Pipeline::carry():194}:195}(Object(Illuminate/Http/Request))
#45 D:/nintis/Package-Provider/vendor/laravel/framework/src/Illuminate/Foundation/Http/Kernel.php(175): Illuminate/Pipeline/Pipeline->then(Object(Closure))
#46 D:/nintis/Package-Provider/vendor/laravel/framework/src/Illuminate/Foundation/Http/Kernel.php(144): Illuminate/Foundation/Http/Kernel->sendRequestThroughRouter(Object(Illuminate/Http/Request))
#47 D:/nintis/Package-Provider/vendor/laravel/framework/src/Illuminate/Foundation/Application.php(1220): Illuminate/Foundation/Http/Kernel->handle(Object(Illuminate/Http/Request))
#48 D:/nintis/Package-Provider/public/index.php(20): Illuminate/Foundation/Application->handleRequest(Object(Illuminate/Http/Request))
#49 D:/nintis/Package-Provider/vendor/laravel/framework/src/Illuminate/Foundation/resources/server.php(23): require_once('D://nintis//Packa...')
#50 {main}
"} 
[2026-04-19 15:29:33] local.ERROR: No application encryption key has been specified. {"exception":"[object] (Illuminate\\Encryption\\MissingAppKeyException(code: 0): No application encryption key has been specified. at D:/nintis/Package-Provider/vendor/laravel/framework/src/Illuminate/Encryption/EncryptionServiceProvider.php:83)
[stacktrace]
#0 D:/nintis/Package-Provider/vendor/laravel/framework/src/Illuminate/Support/helpers.php(393): Illuminate/Encryption/EncryptionServiceProvider->{closure:Illuminate/Encryption/EncryptionServiceProvider::key():81}('')
#1 D:/nintis/Package-Provider/vendor/laravel/framework/src/Illuminate/Encryption/EncryptionServiceProvider.php(81): tap('', Object(Closure))
#2 D:/nintis/Package-Provider/vendor/laravel/framework/src/Illuminate/Encryption/EncryptionServiceProvider.php(64): Illuminate/Encryption/EncryptionServiceProvider->key(Array)
#3 D:/nintis/Package-Provider/vendor/laravel/framework/src/Illuminate/Encryption/EncryptionServiceProvider.php(32): Illuminate/Encryption/EncryptionServiceProvider->parseKey(Array)
#4 D:/nintis/Package-Provider/vendor/laravel/framework/src/Illuminate/Container/Container.php(1118): Illuminate/Encryption/EncryptionServiceProvider->{closure:Illuminate/Encryption/EncryptionServiceProvider::registerEncrypter():29}(Object(Illuminate/Foundation/Application), Array)
#5 D:/nintis/Package-Provider/vendor/laravel/framework/src/Illuminate/Container/Container.php(936): Illuminate/Container/Container->build(Object(Closure))
#6 D:/nintis/Package-Provider/vendor/laravel/framework/src/Illuminate/Foundation/Application.php(1078): Illuminate/Container/Container->resolve('encrypter', Array, true)
#7 D:/nintis/Package-Provider/vendor/laravel/framework/src/Illuminate/Container/Container.php(864): Illuminate/Foundation/Application->resolve('encrypter', Array)
#8 D:/nintis/Package-Provider/vendor/laravel/framework/src/Illuminate/Foundation/Application.php(1058): Illuminate/Container/Container->make('encrypter', Array)
#9 D:/nintis/Package-Provider/vendor/laravel/framework/src/Illuminate/Container/Container.php(1339): Illuminate/Foundation/Application->make('encrypter')
#10 D:/nintis/Package-Provider/vendor/laravel/framework/src/Illuminate/Container/Container.php(1240): Illuminate/Container/Container->resolveClass(Object(ReflectionParameter), 'Illuminate//Cont...')
#11 D:/nintis/Package-Provider/vendor/laravel/framework/src/Illuminate/Container/Container.php(1165): Illuminate/Container/Container->resolveDependencies(Array)
#12 D:/nintis/Package-Provider/vendor/laravel/framework/src/Illuminate/Container/Container.php(936): Illuminate/Container/Container->build('Illuminate//Cook...')
#13 D:/nintis/Package-Provider/vendor/laravel/framework/src/Illuminate/Foundation/Application.php(1078): Illuminate/Container/Container->resolve('Illuminate//Cook...', Array, true)
#14 D:/nintis/Package-Provider/vendor/laravel/framework/src/Illuminate/Container/Container.php(864): Illuminate/Foundation/Application->resolve('Illuminate//Cook...', Array)
#15 D:/nintis/Package-Provider/vendor/laravel/framework/src/Illuminate/Foundation/Application.php(1058): Illuminate/Container/Container->make('Illuminate//Cook...', Array)
#16 D:/nintis/Package-Provider/vendor/laravel/framework/src/Illuminate/Foundation/Http/Kernel.php(257): Illuminate/Foundation/Application->make('Illuminate//Cook...')
#17 D:/nintis/Package-Provider/vendor/laravel/framework/src/Illuminate/Foundation/Http/Kernel.php(215): Illuminate/Foundation/Http/Kernel->terminateMiddleware(Object(Illuminate/Http/Request), Object(Illuminate/Http/Response))
#18 D:/nintis/Package-Provider/vendor/laravel/framework/src/Illuminate/Foundation/Application.php(1222): Illuminate/Foundation/Http/Kernel->terminate(Object(Illuminate/Http/Request), Object(Illuminate/Http/Response))
#19 D:/nintis/Package-Provider/public/index.php(20): Illuminate/Foundation/Application->handleRequest(Object(Illuminate/Http/Request))
#20 D:/nintis/Package-Provider/vendor/laravel/framework/src/Illuminate/Foundation/resources/server.php(23): require_once('D://nintis//Packa...')
#21 {main}
"} 
[2026-04-19 15:29:33] local.ERROR: Uncaught ErrorException: Cannot modify header information - headers already sent by (output started at D:\nintis\Package-Provider\vendor\symfony\http-foundation\Response.php:387) in D:\nintis\Package-Provider\vendor\symfony\http-foundation\Response.php:322
Stack trace:
#0 D:\nintis\Package-Provider\vendor\laravel\framework\src\Illuminate\Foundation\Bootstrap\HandleExceptions.php(258): Illuminate\Foundation\Bootstrap\HandleExceptions->handleError(2, 'Cannot modify h...', 'D:\\nintis\\Packa...', 322)
#1 [internal function]: Illuminate\Foundation\Bootstrap\HandleExceptions->{closure:Illuminate\Foundation\Bootstrap\HandleExceptions::forwardsTo():257}(2, 'Cannot modify h...', 'D:\\nintis\\Packa...', 322)
#2 D:\nintis\Package-Provider\vendor\symfony\http-foundation\Response.php(322): header('HTTP/1.1 500 In...', true, 500)
#3 D:\nintis\Package-Provider\vendor\symfony\http-foundation\Response.php(401): Symfony\Component\HttpFoundation\Response->sendHeaders()
#4 D:\nintis\Package-Provider\vendor\laravel\framework\src\Illuminate\Foundation\Bootstrap\HandleExceptions.php(221): Symfony\Component\HttpFoundation\Response->send()
#5 D:\nintis\Package-Provider\vendor\laravel\framework\src\Illuminate\Foundation\Bootstrap\HandleExceptions.php(198): Illuminate\Foundation\Bootstrap\HandleExceptions->renderHttpResponse(Object(Illuminate\Encryption\MissingAppKeyException))
#6 D:\nintis\Package-Provider\vendor\laravel\framework\src\Illuminate\Foundation\Bootstrap\HandleExceptions.php(258): Illuminate\Foundation\Bootstrap\HandleExceptions->handleException(Object(Illuminate\Encryption\MissingAppKeyException))
#7 [internal function]: Illuminate\Foundation\Bootstrap\HandleExceptions->{closure:Illuminate\Foundation\Bootstrap\HandleExceptions::forwardsTo():257}(Object(Illuminate\Encryption\MissingAppKeyException))
#8 {main}
  thrown {"exception":"[object] (Symfony\\Component\\ErrorHandler\\Error\\FatalError(code: 0): Uncaught ErrorException: Cannot modify header information - headers already sent by (output started at D:\\nintis\\Package-Provider\\vendor\\symfony\\http-foundation\\Response.php:387) in D:\\nintis\\Package-Provider\\vendor\\symfony\\http-foundation\\Response.php:322
Stack trace:
#0 D:\\nintis\\Package-Provider\\vendor\\laravel\\framework\\src\\Illuminate\\Foundation\\Bootstrap\\HandleExceptions.php(258): Illuminate\\Foundation\\Bootstrap\\HandleExceptions->handleError(2, 'Cannot modify h...', 'D:\\\\nintis\\\\Packa...', 322)
#1 [internal function]: Illuminate\\Foundation\\Bootstrap\\HandleExceptions->{closure:Illuminate\\Foundation\\Bootstrap\\HandleExceptions::forwardsTo():257}(2, 'Cannot modify h...', 'D:\\\\nintis\\\\Packa...', 322)
#2 D:\\nintis\\Package-Provider\\vendor\\symfony\\http-foundation\\Response.php(322): header('HTTP/1.1 500 In...', true, 500)
#3 D:\\nintis\\Package-Provider\\vendor\\symfony\\http-foundation\\Response.php(401): Symfony\\Component\\HttpFoundation\\Response->sendHeaders()
#4 D:\\nintis\\Package-Provider\\vendor\\laravel\\framework\\src\\Illuminate\\Foundation\\Bootstrap\\HandleExceptions.php(221): Symfony\\Component\\HttpFoundation\\Response->send()
#5 D:\\nintis\\Package-Provider\\vendor\\laravel\\framework\\src\\Illuminate\\Foundation\\Bootstrap\\HandleExceptions.php(198): Illuminate\\Foundation\\Bootstrap\\HandleExceptions->renderHttpResponse(Object(Illuminate\\Encryption\\MissingAppKeyException))
#6 D:\\nintis\\Package-Provider\\vendor\\laravel\\framework\\src\\Illuminate\\Foundation\\Bootstrap\\HandleExceptions.php(258): Illuminate\\Foundation\\Bootstrap\\HandleExceptions->handleException(Object(Illuminate\\Encryption\\MissingAppKeyException))
#7 [internal function]: Illuminate\\Foundation\\Bootstrap\\HandleExceptions->{closure:Illuminate\\Foundation\\Bootstrap\\HandleExceptions::forwardsTo():257}(Object(Illuminate\\Encryption\\MissingAppKeyException))
#8 {main}
  thrown at D:/nintis/Package-Provider/vendor/symfony/http-foundation/Response.php:322)
[stacktrace]
#0 {main}
"} 
[2026-05-03 14:21:42] local.ERROR: SQLSTATE[42S02]: Base table or view not found: 1146 Table 'request_log.rla_requests' doesn't exist (Connection: mysql, Host: 127.0.0.1, Port: 3306, Database: request_log, SQL: insert into `rla_requests` (`ulid`, `method`, `url`, `uri`, `query_string`, `ip`, `country`, `city`, `user_agent`, `user_id`, `session_id`, `status_code`, `response_time_ms`, `memory_usage_bytes`, `request_headers`, `response_headers`, `tags`, `created_at`, `updated_at`) values (01KQQ3ES8GYKYEMWPBRT61ABQZ, GET, http://127.0.0.1:12345/dashboard, /dashboard, , 127.0.0.1, ?, ?, Mozilla/5.0 (Windows NT 10.0; Win64; x64) AppleWebKit/537.36 (KHTML, like Gecko) Chrome/147.0.0.0 Safari/537.36, ?, ?, 404, 3405, 20971520, ?, ?, ?, 2026-05-03 14:21:40, 2026-05-03 14:21:40)) {"exception":"[object] (Illuminate\\Database\\QueryException(code: 42S02): SQLSTATE[42S02]: Base table or view not found: 1146 Table 'request_log.rla_requests' doesn't exist (Connection: mysql, Host: 127.0.0.1, Port: 3306, Database: request_log, SQL: insert into `rla_requests` (`ulid`, `method`, `url`, `uri`, `query_string`, `ip`, `country`, `city`, `user_agent`, `user_id`, `session_id`, `status_code`, `response_time_ms`, `memory_usage_bytes`, `request_headers`, `response_headers`, `tags`, `created_at`, `updated_at`) values (01KQQ3ES8GYKYEMWPBRT61ABQZ, GET, http://127.0.0.1:12345/dashboard, /dashboard, , 127.0.0.1, ?, ?, Mozilla/5.0 (Windows NT 10.0; Win64; x64) AppleWebKit/537.36 (KHTML, like Gecko) Chrome/147.0.0.0 Safari/537.36, ?, ?, 404, 3405, 20971520, ?, ?, ?, 2026-05-03 14:21:40, 2026-05-03 14:21:40)) at D:/nintis/Package-Provider/vendor/laravel/framework/src/Illuminate/Database/Connection.php:841)
[stacktrace]
#0 D:/nintis/Package-Provider/vendor/laravel/framework/src/Illuminate/Database/Connection.php(797): Illuminate/Database/Connection->runQueryCallback('insert into `rl...', Array, Object(Closure))
#1 D:/nintis/Package-Provider/vendor/laravel/framework/src/Illuminate/Database/MySqlConnection.php(42): Illuminate/Database/Connection->run('insert into `rl...', Array, Object(Closure))
#2 D:/nintis/Package-Provider/vendor/laravel/framework/src/Illuminate/Database/Query/Processors/MySqlProcessor.php(35): Illuminate/Database/MySqlConnection->insert('insert into `rl...', Array, NULL)
#3 D:/nintis/Package-Provider/vendor/laravel/framework/src/Illuminate/Database/Query/Builder.php(4246): Illuminate/Database/Query/Processors/MySqlProcessor->processInsertGetId(Object(Illuminate/Database/Query/Builder), 'insert into `rl...', Array, NULL)
#4 D:/nintis/Package-Provider/packages/NIN/RequestLogAnalyzer/src/Repositories/RequestRepository.php(23): Illuminate/Database/Query/Builder->insertGetId(Array)
#5 D:/nintis/Package-Provider/packages/NIN/RequestLogAnalyzer/src/Http/Middleware/TrackRequest.php(244): NIN/RequestLogAnalyzer/Repositories/RequestRepository->create(Array)
#6 D:/nintis/Package-Provider/vendor/laravel/framework/src/Illuminate/Foundation/Http/Kernel.php(260): NIN/RequestLogAnalyzer/Http/Middleware/TrackRequest->terminate(Object(Illuminate/Http/Request), Object(Illuminate/Http/Response))
#7 D:/nintis/Package-Provider/vendor/laravel/framework/src/Illuminate/Foundation/Http/Kernel.php(215): Illuminate/Foundation/Http/Kernel->terminateMiddleware(Object(Illuminate/Http/Request), Object(Illuminate/Http/Response))
#8 D:/nintis/Package-Provider/vendor/laravel/framework/src/Illuminate/Foundation/Application.php(1222): Illuminate/Foundation/Http/Kernel->terminate(Object(Illuminate/Http/Request), Object(Illuminate/Http/Response))
#9 D:/nintis/Package-Provider/public/index.php(20): Illuminate/Foundation/Application->handleRequest(Object(Illuminate/Http/Request))
#10 D:/nintis/Package-Provider/vendor/laravel/framework/src/Illuminate/Foundation/resources/server.php(23): require_once('D://nintis//Packa...')
#11 {main}

[previous exception] [object] (PDOException(code: 42S02): SQLSTATE[42S02]: Base table or view not found: 1146 Table 'request_log.rla_requests' doesn't exist at D:/nintis/Package-Provider/vendor/laravel/framework/src/Illuminate/Database/MySqlConnection.php:47)
[stacktrace]
#0 D:/nintis/Package-Provider/vendor/laravel/framework/src/Illuminate/Database/MySqlConnection.php(47): PDO->prepare('insert into `rl...')
#1 D:/nintis/Package-Provider/vendor/laravel/framework/src/Illuminate/Database/Connection.php(830): Illuminate/Database/MySqlConnection->{closure:Illuminate/Database/MySqlConnection::insert():42}('insert into `rl...', Array)
#2 D:/nintis/Package-Provider/vendor/laravel/framework/src/Illuminate/Database/Connection.php(797): Illuminate/Database/Connection->runQueryCallback('insert into `rl...', Array, Object(Closure))
#3 D:/nintis/Package-Provider/vendor/laravel/framework/src/Illuminate/Database/MySqlConnection.php(42): Illuminate/Database/Connection->run('insert into `rl...', Array, Object(Closure))
#4 D:/nintis/Package-Provider/vendor/laravel/framework/src/Illuminate/Database/Query/Processors/MySqlProcessor.php(35): Illuminate/Database/MySqlConnection->insert('insert into `rl...', Array, NULL)
#5 D:/nintis/Package-Provider/vendor/laravel/framework/src/Illuminate/Database/Query/Builder.php(4246): Illuminate/Database/Query/Processors/MySqlProcessor->processInsertGetId(Object(Illuminate/Database/Query/Builder), 'insert into `rl...', Array, NULL)
#6 D:/nintis/Package-Provider/packages/NIN/RequestLogAnalyzer/src/Repositories/RequestRepository.php(23): Illuminate/Database/Query/Builder->insertGetId(Array)
#7 D:/nintis/Package-Provider/packages/NIN/RequestLogAnalyzer/src/Http/Middleware/TrackRequest.php(244): NIN/RequestLogAnalyzer/Repositories/RequestRepository->create(Array)
#8 D:/nintis/Package-Provider/vendor/laravel/framework/src/Illuminate/Foundation/Http/Kernel.php(260): NIN/RequestLogAnalyzer/Http/Middleware/TrackRequest->terminate(Object(Illuminate/Http/Request), Object(Illuminate/Http/Response))
#9 D:/nintis/Package-Provider/vendor/laravel/framework/src/Illuminate/Foundation/Http/Kernel.php(215): Illuminate/Foundation/Http/Kernel->terminateMiddleware(Object(Illuminate/Http/Request), Object(Illuminate/Http/Response))
#10 D:/nintis/Package-Provider/vendor/laravel/framework/src/Illuminate/Foundation/Application.php(1222): Illuminate/Foundation/Http/Kernel->terminate(Object(Illuminate/Http/Request), Object(Illuminate/Http/Response))
#11 D:/nintis/Package-Provider/public/index.php(20): Illuminate/Foundation/Application->handleRequest(Object(Illuminate/Http/Request))
#12 D:/nintis/Package-Provider/vendor/laravel/framework/src/Illuminate/Foundation/resources/server.php(23): require_once('D://nintis//Packa...')
#13 {main}
"} 
[2026-05-03 14:22:01] local.ERROR: Uncaught ErrorException: Cannot modify header information - headers already sent by (output started at D:\nintis\Package-Provider\vendor\symfony\http-foundation\Response.php:387) in D:\nintis\Package-Provider\vendor\symfony\http-foundation\Response.php:322
Stack trace:
#0 D:\nintis\Package-Provider\vendor\laravel\framework\src\Illuminate\Foundation\Bootstrap\HandleExceptions.php(258): Illuminate\Foundation\Bootstrap\HandleExceptions->handleError(2, 'Cannot modify h...', 'D:\\nintis\\Packa...', 322)
#1 [internal function]: Illuminate\Foundation\Bootstrap\HandleExceptions->{closure:Illuminate\Foundation\Bootstrap\HandleExceptions::forwardsTo():257}(2, 'Cannot modify h...', 'D:\\nintis\\Packa...', 322)
#2 D:\nintis\Package-Provider\vendor\symfony\http-foundation\Response.php(322): header('HTTP/1.1 500 In...', true, 500)
#3 D:\nintis\Package-Provider\vendor\symfony\http-foundation\Response.php(401): Symfony\Component\HttpFoundation\Response->sendHeaders()
#4 D:\nintis\Package-Provider\vendor\laravel\framework\src\Illuminate\Foundation\Bootstrap\HandleExceptions.php(221): Symfony\Component\HttpFoundation\Response->send()
#5 D:\nintis\Package-Provider\vendor\laravel\framework\src\Illuminate\Foundation\Bootstrap\HandleExceptions.php(198): Illuminate\Foundation\Bootstrap\HandleExceptions->renderHttpResponse(Object(Illuminate\Database\QueryException))
#6 D:\nintis\Package-Provider\vendor\laravel\framework\src\Illuminate\Foundation\Bootstrap\HandleExceptions.php(258): Illuminate\Foundation\Bootstrap\HandleExceptions->handleException(Object(Illuminate\Database\QueryException))
#7 [internal function]: Illuminate\Foundation\Bootstrap\HandleExceptions->{closure:Illuminate\Foundation\Bootstrap\HandleExceptions::forwardsTo():257}(Object(Illuminate\Database\QueryException))
#8 {main}
  thrown {"exception":"[object] (Symfony\\Component\\ErrorHandler\\Error\\FatalError(code: 0): Uncaught ErrorException: Cannot modify header information - headers already sent by (output started at D:\\nintis\\Package-Provider\\vendor\\symfony\\http-foundation\\Response.php:387) in D:\\nintis\\Package-Provider\\vendor\\symfony\\http-foundation\\Response.php:322
Stack trace:
#0 D:\\nintis\\Package-Provider\\vendor\\laravel\\framework\\src\\Illuminate\\Foundation\\Bootstrap\\HandleExceptions.php(258): Illuminate\\Foundation\\Bootstrap\\HandleExceptions->handleError(2, 'Cannot modify h...', 'D:\\\\nintis\\\\Packa...', 322)
#1 [internal function]: Illuminate\\Foundation\\Bootstrap\\HandleExceptions->{closure:Illuminate\\Foundation\\Bootstrap\\HandleExceptions::forwardsTo():257}(2, 'Cannot modify h...', 'D:\\\\nintis\\\\Packa...', 322)
#2 D:\\nintis\\Package-Provider\\vendor\\symfony\\http-foundation\\Response.php(322): header('HTTP/1.1 500 In...', true, 500)
#3 D:\\nintis\\Package-Provider\\vendor\\symfony\\http-foundation\\Response.php(401): Symfony\\Component\\HttpFoundation\\Response->sendHeaders()
#4 D:\\nintis\\Package-Provider\\vendor\\laravel\\framework\\src\\Illuminate\\Foundation\\Bootstrap\\HandleExceptions.php(221): Symfony\\Component\\HttpFoundation\\Response->send()
#5 D:\\nintis\\Package-Provider\\vendor\\laravel\\framework\\src\\Illuminate\\Foundation\\Bootstrap\\HandleExceptions.php(198): Illuminate\\Foundation\\Bootstrap\\HandleExceptions->renderHttpResponse(Object(Illuminate\\Database\\QueryException))
#6 D:\\nintis\\Package-Provider\\vendor\\laravel\\framework\\src\\Illuminate\\Foundation\\Bootstrap\\HandleExceptions.php(258): Illuminate\\Foundation\\Bootstrap\\HandleExceptions->handleException(Object(Illuminate\\Database\\QueryException))
#7 [internal function]: Illuminate\\Foundation\\Bootstrap\\HandleExceptions->{closure:Illuminate\\Foundation\\Bootstrap\\HandleExceptions::forwardsTo():257}(Object(Illuminate\\Database\\QueryException))
#8 {main}
  thrown at D:/nintis/Package-Provider/vendor/symfony/http-foundation/Response.php:322)
[stacktrace]
#0 {main}
"} 
[2026-05-03 14:22:03] local.ERROR: SQLSTATE[42S02]: Base table or view not found: 1146 Table 'request_log.rla_requests' doesn't exist (Connection: mysql, Host: 127.0.0.1, Port: 3306, Database: request_log, SQL: insert into `rla_requests` (`ulid`, `method`, `url`, `uri`, `query_string`, `ip`, `country`, `city`, `user_agent`, `user_id`, `session_id`, `status_code`, `response_time_ms`, `memory_usage_bytes`, `request_headers`, `response_headers`, `tags`, `created_at`, `updated_at`) values (01KQQ3FF5ZQ2BD6JY4FR6VNDYQ, GET, http://127.0.0.1:12345, /, , 127.0.0.1, ?, ?, Mozilla/5.0 (Windows NT 10.0; Win64; x64) AppleWebKit/537.36 (KHTML, like Gecko) Chrome/147.0.0.0 Safari/537.36, ?, o6d4j0yVQQqldXBSBrrECTa80k7Feqw1LXyC2WEI, 200, 1212, 23068672, ?, ?, ?, 2026-05-03 14:22:03, 2026-05-03 14:22:03)) {"exception":"[object] (Illuminate\\Database\\QueryException(code: 42S02): SQLSTATE[42S02]: Base table or view not found: 1146 Table 'request_log.rla_requests' doesn't exist (Connection: mysql, Host: 127.0.0.1, Port: 3306, Database: request_log, SQL: insert into `rla_requests` (`ulid`, `method`, `url`, `uri`, `query_string`, `ip`, `country`, `city`, `user_agent`, `user_id`, `session_id`, `status_code`, `response_time_ms`, `memory_usage_bytes`, `request_headers`, `response_headers`, `tags`, `created_at`, `updated_at`) values (01KQQ3FF5ZQ2BD6JY4FR6VNDYQ, GET, http://127.0.0.1:12345, /, , 127.0.0.1, ?, ?, Mozilla/5.0 (Windows NT 10.0; Win64; x64) AppleWebKit/537.36 (KHTML, like Gecko) Chrome/147.0.0.0 Safari/537.36, ?, o6d4j0yVQQqldXBSBrrECTa80k7Feqw1LXyC2WEI, 200, 1212, 23068672, ?, ?, ?, 2026-05-03 14:22:03, 2026-05-03 14:22:03)) at D:/nintis/Package-Provider/vendor/laravel/framework/src/Illuminate/Database/Connection.php:841)
[stacktrace]
#0 D:/nintis/Package-Provider/vendor/laravel/framework/src/Illuminate/Database/Connection.php(797): Illuminate/Database/Connection->runQueryCallback('insert into `rl...', Array, Object(Closure))
#1 D:/nintis/Package-Provider/vendor/laravel/framework/src/Illuminate/Database/MySqlConnection.php(42): Illuminate/Database/Connection->run('insert into `rl...', Array, Object(Closure))
#2 D:/nintis/Package-Provider/vendor/laravel/framework/src/Illuminate/Database/Query/Processors/MySqlProcessor.php(35): Illuminate/Database/MySqlConnection->insert('insert into `rl...', Array, NULL)
#3 D:/nintis/Package-Provider/vendor/laravel/framework/src/Illuminate/Database/Query/Builder.php(4246): Illuminate/Database/Query/Processors/MySqlProcessor->processInsertGetId(Object(Illuminate/Database/Query/Builder), 'insert into `rl...', Array, NULL)
#4 D:/nintis/Package-Provider/packages/NIN/RequestLogAnalyzer/src/Repositories/RequestRepository.php(23): Illuminate/Database/Query/Builder->insertGetId(Array)
#5 D:/nintis/Package-Provider/packages/NIN/RequestLogAnalyzer/src/Http/Middleware/TrackRequest.php(244): NIN/RequestLogAnalyzer/Repositories/RequestRepository->create(Array)
#6 D:/nintis/Package-Provider/vendor/laravel/framework/src/Illuminate/Foundation/Http/Kernel.php(260): NIN/RequestLogAnalyzer/Http/Middleware/TrackRequest->terminate(Object(Illuminate/Http/Request), Object(Illuminate/Http/Response))
#7 D:/nintis/Package-Provider/vendor/laravel/framework/src/Illuminate/Foundation/Http/Kernel.php(215): Illuminate/Foundation/Http/Kernel->terminateMiddleware(Object(Illuminate/Http/Request), Object(Illuminate/Http/Response))
#8 D:/nintis/Package-Provider/vendor/laravel/framework/src/Illuminate/Foundation/Application.php(1222): Illuminate/Foundation/Http/Kernel->terminate(Object(Illuminate/Http/Request), Object(Illuminate/Http/Response))
#9 D:/nintis/Package-Provider/public/index.php(20): Illuminate/Foundation/Application->handleRequest(Object(Illuminate/Http/Request))
#10 D:/nintis/Package-Provider/vendor/laravel/framework/src/Illuminate/Foundation/resources/server.php(23): require_once('D://nintis//Packa...')
#11 {main}

[previous exception] [object] (PDOException(code: 42S02): SQLSTATE[42S02]: Base table or view not found: 1146 Table 'request_log.rla_requests' doesn't exist at D:/nintis/Package-Provider/vendor/laravel/framework/src/Illuminate/Database/MySqlConnection.php:47)
[stacktrace]
#0 D:/nintis/Package-Provider/vendor/laravel/framework/src/Illuminate/Database/MySqlConnection.php(47): PDO->prepare('insert into `rl...')
#1 D:/nintis/Package-Provider/vendor/laravel/framework/src/Illuminate/Database/Connection.php(830): Illuminate/Database/MySqlConnection->{closure:Illuminate/Database/MySqlConnection::insert():42}('insert into `rl...', Array)
#2 D:/nintis/Package-Provider/vendor/laravel/framework/src/Illuminate/Database/Connection.php(797): Illuminate/Database/Connection->runQueryCallback('insert into `rl...', Array, Object(Closure))
#3 D:/nintis/Package-Provider/vendor/laravel/framework/src/Illuminate/Database/MySqlConnection.php(42): Illuminate/Database/Connection->run('insert into `rl...', Array, Object(Closure))
#4 D:/nintis/Package-Provider/vendor/laravel/framework/src/Illuminate/Database/Query/Processors/MySqlProcessor.php(35): Illuminate/Database/MySqlConnection->insert('insert into `rl...', Array, NULL)
#5 D:/nintis/Package-Provider/vendor/laravel/framework/src/Illuminate/Database/Query/Builder.php(4246): Illuminate/Database/Query/Processors/MySqlProcessor->processInsertGetId(Object(Illuminate/Database/Query/Builder), 'insert into `rl...', Array, NULL)
#6 D:/nintis/Package-Provider/packages/NIN/RequestLogAnalyzer/src/Repositories/RequestRepository.php(23): Illuminate/Database/Query/Builder->insertGetId(Array)
#7 D:/nintis/Package-Provider/packages/NIN/RequestLogAnalyzer/src/Http/Middleware/TrackRequest.php(244): NIN/RequestLogAnalyzer/Repositories/RequestRepository->create(Array)
#8 D:/nintis/Package-Provider/vendor/laravel/framework/src/Illuminate/Foundation/Http/Kernel.php(260): NIN/RequestLogAnalyzer/Http/Middleware/TrackRequest->terminate(Object(Illuminate/Http/Request), Object(Illuminate/Http/Response))
#9 D:/nintis/Package-Provider/vendor/laravel/framework/src/Illuminate/Foundation/Http/Kernel.php(215): Illuminate/Foundation/Http/Kernel->terminateMiddleware(Object(Illuminate/Http/Request), Object(Illuminate/Http/Response))
#10 D:/nintis/Package-Provider/vendor/laravel/framework/src/Illuminate/Foundation/Application.php(1222): Illuminate/Foundation/Http/Kernel->terminate(Object(Illuminate/Http/Request), Object(Illuminate/Http/Response))
#11 D:/nintis/Package-Provider/public/index.php(20): Illuminate/Foundation/Application->handleRequest(Object(Illuminate/Http/Request))
#12 D:/nintis/Package-Provider/vendor/laravel/framework/src/Illuminate/Foundation/resources/server.php(23): require_once('D://nintis//Packa...')
#13 {main}
"} 
[2026-05-03 14:22:03] local.ERROR: Uncaught ErrorException: Cannot modify header information - headers already sent by (output started at D:\nintis\Package-Provider\vendor\symfony\http-foundation\Response.php:387) in D:\nintis\Package-Provider\vendor\symfony\http-foundation\Response.php:322
Stack trace:
#0 D:\nintis\Package-Provider\vendor\laravel\framework\src\Illuminate\Foundation\Bootstrap\HandleExceptions.php(258): Illuminate\Foundation\Bootstrap\HandleExceptions->handleError(2, 'Cannot modify h...', 'D:\\nintis\\Packa...', 322)
#1 [internal function]: Illuminate\Foundation\Bootstrap\HandleExceptions->{closure:Illuminate\Foundation\Bootstrap\HandleExceptions::forwardsTo():257}(2, 'Cannot modify h...', 'D:\\nintis\\Packa...', 322)
#2 D:\nintis\Package-Provider\vendor\symfony\http-foundation\Response.php(322): header('HTTP/1.1 500 In...', true, 500)
#3 D:\nintis\Package-Provider\vendor\symfony\http-foundation\Response.php(401): Symfony\Component\HttpFoundation\Response->sendHeaders()
#4 D:\nintis\Package-Provider\vendor\laravel\framework\src\Illuminate\Foundation\Bootstrap\HandleExceptions.php(221): Symfony\Component\HttpFoundation\Response->send()
#5 D:\nintis\Package-Provider\vendor\laravel\framework\src\Illuminate\Foundation\Bootstrap\HandleExceptions.php(198): Illuminate\Foundation\Bootstrap\HandleExceptions->renderHttpResponse(Object(Illuminate\Database\QueryException))
#6 D:\nintis\Package-Provider\vendor\laravel\framework\src\Illuminate\Foundation\Bootstrap\HandleExceptions.php(258): Illuminate\Foundation\Bootstrap\HandleExceptions->handleException(Object(Illuminate\Database\QueryException))
#7 [internal function]: Illuminate\Foundation\Bootstrap\HandleExceptions->{closure:Illuminate\Foundation\Bootstrap\HandleExceptions::forwardsTo():257}(Object(Illuminate\Database\QueryException))
#8 {main}
  thrown {"exception":"[object] (Symfony\\Component\\ErrorHandler\\Error\\FatalError(code: 0): Uncaught ErrorException: Cannot modify header information - headers already sent by (output started at D:\\nintis\\Package-Provider\\vendor\\symfony\\http-foundation\\Response.php:387) in D:\\nintis\\Package-Provider\\vendor\\symfony\\http-foundation\\Response.php:322
Stack trace:
#0 D:\\nintis\\Package-Provider\\vendor\\laravel\\framework\\src\\Illuminate\\Foundation\\Bootstrap\\HandleExceptions.php(258): Illuminate\\Foundation\\Bootstrap\\HandleExceptions->handleError(2, 'Cannot modify h...', 'D:\\\\nintis\\\\Packa...', 322)
#1 [internal function]: Illuminate\\Foundation\\Bootstrap\\HandleExceptions->{closure:Illuminate\\Foundation\\Bootstrap\\HandleExceptions::forwardsTo():257}(2, 'Cannot modify h...', 'D:\\\\nintis\\\\Packa...', 322)
#2 D:\\nintis\\Package-Provider\\vendor\\symfony\\http-foundation\\Response.php(322): header('HTTP/1.1 500 In...', true, 500)
#3 D:\\nintis\\Package-Provider\\vendor\\symfony\\http-foundation\\Response.php(401): Symfony\\Component\\HttpFoundation\\Response->sendHeaders()
#4 D:\\nintis\\Package-Provider\\vendor\\laravel\\framework\\src\\Illuminate\\Foundation\\Bootstrap\\HandleExceptions.php(221): Symfony\\Component\\HttpFoundation\\Response->send()
#5 D:\\nintis\\Package-Provider\\vendor\\laravel\\framework\\src\\Illuminate\\Foundation\\Bootstrap\\HandleExceptions.php(198): Illuminate\\Foundation\\Bootstrap\\HandleExceptions->renderHttpResponse(Object(Illuminate\\Database\\QueryException))
#6 D:\\nintis\\Package-Provider\\vendor\\laravel\\framework\\src\\Illuminate\\Foundation\\Bootstrap\\HandleExceptions.php(258): Illuminate\\Foundation\\Bootstrap\\HandleExceptions->handleException(Object(Illuminate\\Database\\QueryException))
#7 [internal function]: Illuminate\\Foundation\\Bootstrap\\HandleExceptions->{closure:Illuminate\\Foundation\\Bootstrap\\HandleExceptions::forwardsTo():257}(Object(Illuminate\\Database\\QueryException))
#8 {main}
  thrown at D:/nintis/Package-Provider/vendor/symfony/http-foundation/Response.php:322)
[stacktrace]
#0 {main}
"} 
[2026-05-03 14:22:21] local.ERROR: SQLSTATE[42S02]: Base table or view not found: 1146 Table 'request_log.rla_requests' doesn't exist (Connection: mysql, Host: 127.0.0.1, Port: 3306, Database: request_log, SQL: select `rla_requests`.*, (select count(*) from `rla_errors` where `rla_requests`.`id` = `rla_errors`.`request_id`) as `errors_count`, (select count(*) from `rla_queries` where `rla_requests`.`id` = `rla_queries`.`request_id`) as `queries_count` from `rla_requests` order by `created_at` desc limit 10) {"exception":"[object] (Illuminate\\Database\\QueryException(code: 42S02): SQLSTATE[42S02]: Base table or view not found: 1146 Table 'request_log.rla_requests' doesn't exist (Connection: mysql, Host: 127.0.0.1, Port: 3306, Database: request_log, SQL: select `rla_requests`.*, (select count(*) from `rla_errors` where `rla_requests`.`id` = `rla_errors`.`request_id`) as `errors_count`, (select count(*) from `rla_queries` where `rla_requests`.`id` = `rla_queries`.`request_id`) as `queries_count` from `rla_requests` order by `created_at` desc limit 10) at D:/nintis/Package-Provider/vendor/laravel/framework/src/Illuminate/Database/Connection.php:841)
[stacktrace]
#0 D:/nintis/Package-Provider/vendor/laravel/framework/src/Illuminate/Database/Connection.php(797): Illuminate/Database/Connection->runQueryCallback('select `rla_req...', Array, Object(Closure))
#1 D:/nintis/Package-Provider/vendor/laravel/framework/src/Illuminate/Database/Connection.php(412): Illuminate/Database/Connection->run('select `rla_req...', Array, Object(Closure))
#2 D:/nintis/Package-Provider/vendor/laravel/framework/src/Illuminate/Database/Query/Builder.php(3562): Illuminate/Database/Connection->select('select `rla_req...', Array, true, Array)
#3 D:/nintis/Package-Provider/vendor/laravel/framework/src/Illuminate/Database/Query/Builder.php(3546): Illuminate/Database/Query/Builder->runSelect()
#4 D:/nintis/Package-Provider/vendor/laravel/framework/src/Illuminate/Database/Eloquent/Builder.php(907): Illuminate/Database/Query/Builder->get(Array)
#5 D:/nintis/Package-Provider/vendor/laravel/framework/src/Illuminate/Database/Eloquent/Builder.php(889): Illuminate/Database/Eloquent/Builder->getModels(Array)
#6 D:/nintis/Package-Provider/packages/NIN/RequestLogAnalyzer/src/Repositories/RequestRepository.php(31): Illuminate/Database/Eloquent/Builder->get()
#7 D:/nintis/Package-Provider/packages/NIN/RequestLogAnalyzer/src/Http/Controllers/RequestLogController.php(27): NIN/RequestLogAnalyzer/Repositories/RequestRepository->recent(10)
#8 D:/nintis/Package-Provider/vendor/laravel/framework/src/Illuminate/Routing/Controller.php(54): NIN/RequestLogAnalyzer/Http/Controllers/RequestLogController->index()
#9 D:/nintis/Package-Provider/vendor/laravel/framework/src/Illuminate/Routing/ControllerDispatcher.php(43): Illuminate/Routing/Controller->callAction('index', Array)
#10 D:/nintis/Package-Provider/vendor/laravel/framework/src/Illuminate/Routing/Route.php(269): Illuminate/Routing/ControllerDispatcher->dispatch(Object(Illuminate/Routing/Route), Object(NIN/RequestLogAnalyzer/Http/Controllers/RequestLogController), 'index')
#11 D:/nintis/Package-Provider/vendor/laravel/framework/src/Illuminate/Routing/Route.php(215): Illuminate/Routing/Route->runController()
#12 D:/nintis/Package-Provider/vendor/laravel/framework/src/Illuminate/Routing/Router.php(822): Illuminate/Routing/Route->run()
#13 D:/nintis/Package-Provider/vendor/laravel/framework/src/Illuminate/Pipeline/Pipeline.php(180): Illuminate/Routing/Router->{closure:Illuminate/Routing/Router::runRouteWithinStack():821}(Object(Illuminate/Http/Request))
#14 D:/nintis/Package-Provider/vendor/laravel/framework/src/Illuminate/Routing/Middleware/SubstituteBindings.php(52): Illuminate/Pipeline/Pipeline->{closure:Illuminate/Pipeline/Pipeline::prepareDestination():178}(Object(Illuminate/Http/Request))
#15 D:/nintis/Package-Provider/vendor/laravel/framework/src/Illuminate/Pipeline/Pipeline.php(219): Illuminate/Routing/Middleware/SubstituteBindings->handle(Object(Illuminate/Http/Request), Object(Closure))
#16 D:/nintis/Package-Provider/vendor/laravel/framework/src/Illuminate/Foundation/Http/Middleware/PreventRequestForgery.php(104): Illuminate/Pipeline/Pipeline->{closure:{closure:Illuminate/Pipeline/Pipeline::carry():194}:195}(Object(Illuminate/Http/Request))
#17 D:/nintis/Package-Provider/vendor/laravel/framework/src/Illuminate/Pipeline/Pipeline.php(219): Illuminate/Foundation/Http/Middleware/PreventRequestForgery->handle(Object(Illuminate/Http/Request), Object(Closure))
#18 D:/nintis/Package-Provider/vendor/laravel/framework/src/Illuminate/View/Middleware/ShareErrorsFromSession.php(48): Illuminate/Pipeline/Pipeline->{closure:{closure:Illuminate/Pipeline/Pipeline::carry():194}:195}(Object(Illuminate/Http/Request))
#19 D:/nintis/Package-Provider/vendor/laravel/framework/src/Illuminate/Pipeline/Pipeline.php(219): Illuminate/View/Middleware/ShareErrorsFromSession->handle(Object(Illuminate/Http/Request), Object(Closure))
#20 D:/nintis/Package-Provider/vendor/laravel/framework/src/Illuminate/Session/Middleware/StartSession.php(120): Illuminate/Pipeline/Pipeline->{closure:{closure:Illuminate/Pipeline/Pipeline::carry():194}:195}(Object(Illuminate/Http/Request))
#21 D:/nintis/Package-Provider/vendor/laravel/framework/src/Illuminate/Session/Middleware/StartSession.php(63): Illuminate/Session/Middleware/StartSession->handleStatefulRequest(Object(Illuminate/Http/Request), Object(Illuminate/Session/Store), Object(Closure))
#22 D:/nintis/Package-Provider/vendor/laravel/framework/src/Illuminate/Pipeline/Pipeline.php(219): Illuminate/Session/Middleware/StartSession->handle(Object(Illuminate/Http/Request), Object(Closure))
#23 D:/nintis/Package-Provider/vendor/laravel/framework/src/Illuminate/Cookie/Middleware/AddQueuedCookiesToResponse.php(36): Illuminate/Pipeline/Pipeline->{closure:{closure:Illuminate/Pipeline/Pipeline::carry():194}:195}(Object(Illuminate/Http/Request))
#24 D:/nintis/Package-Provider/vendor/laravel/framework/src/Illuminate/Pipeline/Pipeline.php(219): Illuminate/Cookie/Middleware/AddQueuedCookiesToResponse->handle(Object(Illuminate/Http/Request), Object(Closure))
#25 D:/nintis/Package-Provider/vendor/laravel/framework/src/Illuminate/Cookie/Middleware/EncryptCookies.php(74): Illuminate/Pipeline/Pipeline->{closure:{closure:Illuminate/Pipeline/Pipeline::carry():194}:195}(Object(Illuminate/Http/Request))
#26 D:/nintis/Package-Provider/vendor/laravel/framework/src/Illuminate/Pipeline/Pipeline.php(219): Illuminate/Cookie/Middleware/EncryptCookies->handle(Object(Illuminate/Http/Request), Object(Closure))
#27 D:/nintis/Package-Provider/vendor/laravel/framework/src/Illuminate/Pipeline/Pipeline.php(137): Illuminate/Pipeline/Pipeline->{closure:{closure:Illuminate/Pipeline/Pipeline::carry():194}:195}(Object(Illuminate/Http/Request))
#28 D:/nintis/Package-Provider/vendor/laravel/framework/src/Illuminate/Routing/Router.php(821): Illuminate/Pipeline/Pipeline->then(Object(Closure))
#29 D:/nintis/Package-Provider/vendor/laravel/framework/src/Illuminate/Routing/Router.php(800): Illuminate/Routing/Router->runRouteWithinStack(Object(Illuminate/Routing/Route), Object(Illuminate/Http/Request))
#30 D:/nintis/Package-Provider/vendor/laravel/framework/src/Illuminate/Routing/Router.php(764): Illuminate/Routing/Router->runRoute(Object(Illuminate/Http/Request), Object(Illuminate/Routing/Route))
#31 D:/nintis/Package-Provider/vendor/laravel/framework/src/Illuminate/Routing/Router.php(753): Illuminate/Routing/Router->dispatchToRoute(Object(Illuminate/Http/Request))
#32 D:/nintis/Package-Provider/vendor/laravel/framework/src/Illuminate/Foundation/Http/Kernel.php(200): Illuminate/Routing/Router->dispatch(Object(Illuminate/Http/Request))
#33 D:/nintis/Package-Provider/vendor/laravel/framework/src/Illuminate/Pipeline/Pipeline.php(180): Illuminate/Foundation/Http/Kernel->{closure:Illuminate/Foundation/Http/Kernel::dispatchToRouter():197}(Object(Illuminate/Http/Request))
#34 D:/nintis/Package-Provider/packages/NIN/RequestLogAnalyzer/src/Http/Middleware/TrackRequest.php(94): Illuminate/Pipeline/Pipeline->{closure:Illuminate/Pipeline/Pipeline::prepareDestination():178}(Object(Illuminate/Http/Request))
#35 D:/nintis/Package-Provider/vendor/laravel/framework/src/Illuminate/Pipeline/Pipeline.php(219): NIN/RequestLogAnalyzer/Http/Middleware/TrackRequest->handle(Object(Illuminate/Http/Request), Object(Closure))
#36 D:/nintis/Package-Provider/vendor/laravel/framework/src/Illuminate/Foundation/Http/Middleware/TransformsRequest.php(21): Illuminate/Pipeline/Pipeline->{closure:{closure:Illuminate/Pipeline/Pipeline::carry():194}:195}(Object(Illuminate/Http/Request))
#37 D:/nintis/Package-Provider/vendor/laravel/framework/src/Illuminate/Foundation/Http/Middleware/ConvertEmptyStringsToNull.php(31): Illuminate/Foundation/Http/Middleware/TransformsRequest->handle(Object(Illuminate/Http/Request), Object(Closure))
#38 D:/nintis/Package-Provider/vendor/laravel/framework/src/Illuminate/Pipeline/Pipeline.php(219): Illuminate/Foundation/Http/Middleware/ConvertEmptyStringsToNull->handle(Object(Illuminate/Http/Request), Object(Closure))
#39 D:/nintis/Package-Provider/vendor/laravel/framework/src/Illuminate/Foundation/Http/Middleware/TransformsRequest.php(21): Illuminate/Pipeline/Pipeline->{closure:{closure:Illuminate/Pipeline/Pipeline::carry():194}:195}(Object(Illuminate/Http/Request))
#40 D:/nintis/Package-Provider/vendor/laravel/framework/src/Illuminate/Foundation/Http/Middleware/TrimStrings.php(51): Illuminate/Foundation/Http/Middleware/TransformsRequest->handle(Object(Illuminate/Http/Request), Object(Closure))
#41 D:/nintis/Package-Provider/vendor/laravel/framework/src/Illuminate/Pipeline/Pipeline.php(219): Illuminate/Foundation/Http/Middleware/TrimStrings->handle(Object(Illuminate/Http/Request), Object(Closure))
#42 D:/nintis/Package-Provider/vendor/laravel/framework/src/Illuminate/Http/Middleware/ValidatePostSize.php(27): Illuminate/Pipeline/Pipeline->{closure:{closure:Illuminate/Pipeline/Pipeline::carry():194}:195}(Object(Illuminate/Http/Request))
#43 D:/nintis/Package-Provider/vendor/laravel/framework/src/Illuminate/Pipeline/Pipeline.php(219): Illuminate/Http/Middleware/ValidatePostSize->handle(Object(Illuminate/Http/Request), Object(Closure))
#44 D:/nintis/Package-Provider/vendor/laravel/framework/src/Illuminate/Foundation/Http/Middleware/PreventRequestsDuringMaintenance.php(109): Illuminate/Pipeline/Pipeline->{closure:{closure:Illuminate/Pipeline/Pipeline::carry():194}:195}(Object(Illuminate/Http/Request))
#45 D:/nintis/Package-Provider/vendor/laravel/framework/src/Illuminate/Pipeline/Pipeline.php(219): Illuminate/Foundation/Http/Middleware/PreventRequestsDuringMaintenance->handle(Object(Illuminate/Http/Request), Object(Closure))
#46 D:/nintis/Package-Provider/vendor/laravel/framework/src/Illuminate/Http/Middleware/HandleCors.php(61): Illuminate/Pipeline/Pipeline->{closure:{closure:Illuminate/Pipeline/Pipeline::carry():194}:195}(Object(Illuminate/Http/Request))
#47 D:/nintis/Package-Provider/vendor/laravel/framework/src/Illuminate/Pipeline/Pipeline.php(219): Illuminate/Http/Middleware/HandleCors->handle(Object(Illuminate/Http/Request), Object(Closure))
#48 D:/nintis/Package-Provider/vendor/laravel/framework/src/Illuminate/Http/Middleware/TrustProxies.php(58): Illuminate/Pipeline/Pipeline->{closure:{closure:Illuminate/Pipeline/Pipeline::carry():194}:195}(Object(Illuminate/Http/Request))
#49 D:/nintis/Package-Provider/vendor/laravel/framework/src/Illuminate/Pipeline/Pipeline.php(219): Illuminate/Http/Middleware/TrustProxies->handle(Object(Illuminate/Http/Request), Object(Closure))
#50 D:/nintis/Package-Provider/vendor/laravel/framework/src/Illuminate/Foundation/Http/Middleware/InvokeDeferredCallbacks.php(22): Illuminate/Pipeline/Pipeline->{closure:{closure:Illuminate/Pipeline/Pipeline::carry():194}:195}(Object(Illuminate/Http/Request))
#51 D:/nintis/Package-Provider/vendor/laravel/framework/src/Illuminate/Pipeline/Pipeline.php(219): Illuminate/Foundation/Http/Middleware/InvokeDeferredCallbacks->handle(Object(Illuminate/Http/Request), Object(Closure))
#52 D:/nintis/Package-Provider/vendor/laravel/framework/src/Illuminate/Http/Middleware/ValidatePathEncoding.php(28): Illuminate/Pipeline/Pipeline->{closure:{closure:Illuminate/Pipeline/Pipeline::carry():194}:195}(Object(Illuminate/Http/Request))
#53 D:/nintis/Package-Provider/vendor/laravel/framework/src/Illuminate/Pipeline/Pipeline.php(219): Illuminate/Http/Middleware/ValidatePathEncoding->handle(Object(Illuminate/Http/Request), Object(Closure))
#54 D:/nintis/Package-Provider/vendor/laravel/framework/src/Illuminate/Pipeline/Pipeline.php(137): Illuminate/Pipeline/Pipeline->{closure:{closure:Illuminate/Pipeline/Pipeline::carry():194}:195}(Object(Illuminate/Http/Request))
#55 D:/nintis/Package-Provider/vendor/laravel/framework/src/Illuminate/Foundation/Http/Kernel.php(175): Illuminate/Pipeline/Pipeline->then(Object(Closure))
#56 D:/nintis/Package-Provider/vendor/laravel/framework/src/Illuminate/Foundation/Http/Kernel.php(144): Illuminate/Foundation/Http/Kernel->sendRequestThroughRouter(Object(Illuminate/Http/Request))
#57 D:/nintis/Package-Provider/vendor/laravel/framework/src/Illuminate/Foundation/Application.php(1220): Illuminate/Foundation/Http/Kernel->handle(Object(Illuminate/Http/Request))
#58 D:/nintis/Package-Provider/public/index.php(20): Illuminate/Foundation/Application->handleRequest(Object(Illuminate/Http/Request))
#59 D:/nintis/Package-Provider/vendor/laravel/framework/src/Illuminate/Foundation/resources/server.php(23): require_once('D://nintis//Packa...')
#60 {main}

[previous exception] [object] (PDOException(code: 42S02): SQLSTATE[42S02]: Base table or view not found: 1146 Table 'request_log.rla_requests' doesn't exist at D:/nintis/Package-Provider/vendor/laravel/framework/src/Illuminate/Database/Connection.php:421)
[stacktrace]
#0 D:/nintis/Package-Provider/vendor/laravel/framework/src/Illuminate/Database/Connection.php(421): PDO->prepare('select `rla_req...')
#1 D:/nintis/Package-Provider/vendor/laravel/framework/src/Illuminate/Database/Connection.php(830): Illuminate/Database/Connection->{closure:Illuminate/Database/Connection::select():412}('select `rla_req...', Array)
#2 D:/nintis/Package-Provider/vendor/laravel/framework/src/Illuminate/Database/Connection.php(797): Illuminate/Database/Connection->runQueryCallback('select `rla_req...', Array, Object(Closure))
#3 D:/nintis/Package-Provider/vendor/laravel/framework/src/Illuminate/Database/Connection.php(412): Illuminate/Database/Connection->run('select `rla_req...', Array, Object(Closure))
#4 D:/nintis/Package-Provider/vendor/laravel/framework/src/Illuminate/Database/Query/Builder.php(3562): Illuminate/Database/Connection->select('select `rla_req...', Array, true, Array)
#5 D:/nintis/Package-Provider/vendor/laravel/framework/src/Illuminate/Database/Query/Builder.php(3546): Illuminate/Database/Query/Builder->runSelect()
#6 D:/nintis/Package-Provider/vendor/laravel/framework/src/Illuminate/Database/Eloquent/Builder.php(907): Illuminate/Database/Query/Builder->get(Array)
#7 D:/nintis/Package-Provider/vendor/laravel/framework/src/Illuminate/Database/Eloquent/Builder.php(889): Illuminate/Database/Eloquent/Builder->getModels(Array)
#8 D:/nintis/Package-Provider/packages/NIN/RequestLogAnalyzer/src/Repositories/RequestRepository.php(31): Illuminate/Database/Eloquent/Builder->get()
#9 D:/nintis/Package-Provider/packages/NIN/RequestLogAnalyzer/src/Http/Controllers/RequestLogController.php(27): NIN/RequestLogAnalyzer/Repositories/RequestRepository->recent(10)
#10 D:/nintis/Package-Provider/vendor/laravel/framework/src/Illuminate/Routing/Controller.php(54): NIN/RequestLogAnalyzer/Http/Controllers/RequestLogController->index()
#11 D:/nintis/Package-Provider/vendor/laravel/framework/src/Illuminate/Routing/ControllerDispatcher.php(43): Illuminate/Routing/Controller->callAction('index', Array)
#12 D:/nintis/Package-Provider/vendor/laravel/framework/src/Illuminate/Routing/Route.php(269): Illuminate/Routing/ControllerDispatcher->dispatch(Object(Illuminate/Routing/Route), Object(NIN/RequestLogAnalyzer/Http/Controllers/RequestLogController), 'index')
#13 D:/nintis/Package-Provider/vendor/laravel/framework/src/Illuminate/Routing/Route.php(215): Illuminate/Routing/Route->runController()
#14 D:/nintis/Package-Provider/vendor/laravel/framework/src/Illuminate/Routing/Router.php(822): Illuminate/Routing/Route->run()
#15 D:/nintis/Package-Provider/vendor/laravel/framework/src/Illuminate/Pipeline/Pipeline.php(180): Illuminate/Routing/Router->{closure:Illuminate/Routing/Router::runRouteWithinStack():821}(Object(Illuminate/Http/Request))
#16 D:/nintis/Package-Provider/vendor/laravel/framework/src/Illuminate/Routing/Middleware/SubstituteBindings.php(52): Illuminate/Pipeline/Pipeline->{closure:Illuminate/Pipeline/Pipeline::prepareDestination():178}(Object(Illuminate/Http/Request))
#17 D:/nintis/Package-Provider/vendor/laravel/framework/src/Illuminate/Pipeline/Pipeline.php(219): Illuminate/Routing/Middleware/SubstituteBindings->handle(Object(Illuminate/Http/Request), Object(Closure))
#18 D:/nintis/Package-Provider/vendor/laravel/framework/src/Illuminate/Foundation/Http/Middleware/PreventRequestForgery.php(104): Illuminate/Pipeline/Pipeline->{closure:{closure:Illuminate/Pipeline/Pipeline::carry():194}:195}(Object(Illuminate/Http/Request))
#19 D:/nintis/Package-Provider/vendor/laravel/framework/src/Illuminate/Pipeline/Pipeline.php(219): Illuminate/Foundation/Http/Middleware/PreventRequestForgery->handle(Object(Illuminate/Http/Request), Object(Closure))
#20 D:/nintis/Package-Provider/vendor/laravel/framework/src/Illuminate/View/Middleware/ShareErrorsFromSession.php(48): Illuminate/Pipeline/Pipeline->{closure:{closure:Illuminate/Pipeline/Pipeline::carry():194}:195}(Object(Illuminate/Http/Request))
#21 D:/nintis/Package-Provider/vendor/laravel/framework/src/Illuminate/Pipeline/Pipeline.php(219): Illuminate/View/Middleware/ShareErrorsFromSession->handle(Object(Illuminate/Http/Request), Object(Closure))
#22 D:/nintis/Package-Provider/vendor/laravel/framework/src/Illuminate/Session/Middleware/StartSession.php(120): Illuminate/Pipeline/Pipeline->{closure:{closure:Illuminate/Pipeline/Pipeline::carry():194}:195}(Object(Illuminate/Http/Request))
#23 D:/nintis/Package-Provider/vendor/laravel/framework/src/Illuminate/Session/Middleware/StartSession.php(63): Illuminate/Session/Middleware/StartSession->handleStatefulRequest(Object(Illuminate/Http/Request), Object(Illuminate/Session/Store), Object(Closure))
#24 D:/nintis/Package-Provider/vendor/laravel/framework/src/Illuminate/Pipeline/Pipeline.php(219): Illuminate/Session/Middleware/StartSession->handle(Object(Illuminate/Http/Request), Object(Closure))
#25 D:/nintis/Package-Provider/vendor/laravel/framework/src/Illuminate/Cookie/Middleware/AddQueuedCookiesToResponse.php(36): Illuminate/Pipeline/Pipeline->{closure:{closure:Illuminate/Pipeline/Pipeline::carry():194}:195}(Object(Illuminate/Http/Request))
#26 D:/nintis/Package-Provider/vendor/laravel/framework/src/Illuminate/Pipeline/Pipeline.php(219): Illuminate/Cookie/Middleware/AddQueuedCookiesToResponse->handle(Object(Illuminate/Http/Request), Object(Closure))
#27 D:/nintis/Package-Provider/vendor/laravel/framework/src/Illuminate/Cookie/Middleware/EncryptCookies.php(74): Illuminate/Pipeline/Pipeline->{closure:{closure:Illuminate/Pipeline/Pipeline::carry():194}:195}(Object(Illuminate/Http/Request))
#28 D:/nintis/Package-Provider/vendor/laravel/framework/src/Illuminate/Pipeline/Pipeline.php(219): Illuminate/Cookie/Middleware/EncryptCookies->handle(Object(Illuminate/Http/Request), Object(Closure))
#29 D:/nintis/Package-Provider/vendor/laravel/framework/src/Illuminate/Pipeline/Pipeline.php(137): Illuminate/Pipeline/Pipeline->{closure:{closure:Illuminate/Pipeline/Pipeline::carry():194}:195}(Object(Illuminate/Http/Request))
#30 D:/nintis/Package-Provider/vendor/laravel/framework/src/Illuminate/Routing/Router.php(821): Illuminate/Pipeline/Pipeline->then(Object(Closure))
#31 D:/nintis/Package-Provider/vendor/laravel/framework/src/Illuminate/Routing/Router.php(800): Illuminate/Routing/Router->runRouteWithinStack(Object(Illuminate/Routing/Route), Object(Illuminate/Http/Request))
#32 D:/nintis/Package-Provider/vendor/laravel/framework/src/Illuminate/Routing/Router.php(764): Illuminate/Routing/Router->runRoute(Object(Illuminate/Http/Request), Object(Illuminate/Routing/Route))
#33 D:/nintis/Package-Provider/vendor/laravel/framework/src/Illuminate/Routing/Router.php(753): Illuminate/Routing/Router->dispatchToRoute(Object(Illuminate/Http/Request))
#34 D:/nintis/Package-Provider/vendor/laravel/framework/src/Illuminate/Foundation/Http/Kernel.php(200): Illuminate/Routing/Router->dispatch(Object(Illuminate/Http/Request))
#35 D:/nintis/Package-Provider/vendor/laravel/framework/src/Illuminate/Pipeline/Pipeline.php(180): Illuminate/Foundation/Http/Kernel->{closure:Illuminate/Foundation/Http/Kernel::dispatchToRouter():197}(Object(Illuminate/Http/Request))
#36 D:/nintis/Package-Provider/packages/NIN/RequestLogAnalyzer/src/Http/Middleware/TrackRequest.php(94): Illuminate/Pipeline/Pipeline->{closure:Illuminate/Pipeline/Pipeline::prepareDestination():178}(Object(Illuminate/Http/Request))
#37 D:/nintis/Package-Provider/vendor/laravel/framework/src/Illuminate/Pipeline/Pipeline.php(219): NIN/RequestLogAnalyzer/Http/Middleware/TrackRequest->handle(Object(Illuminate/Http/Request), Object(Closure))
#38 D:/nintis/Package-Provider/vendor/laravel/framework/src/Illuminate/Foundation/Http/Middleware/TransformsRequest.php(21): Illuminate/Pipeline/Pipeline->{closure:{closure:Illuminate/Pipeline/Pipeline::carry():194}:195}(Object(Illuminate/Http/Request))
#39 D:/nintis/Package-Provider/vendor/laravel/framework/src/Illuminate/Foundation/Http/Middleware/ConvertEmptyStringsToNull.php(31): Illuminate/Foundation/Http/Middleware/TransformsRequest->handle(Object(Illuminate/Http/Request), Object(Closure))
#40 D:/nintis/Package-Provider/vendor/laravel/framework/src/Illuminate/Pipeline/Pipeline.php(219): Illuminate/Foundation/Http/Middleware/ConvertEmptyStringsToNull->handle(Object(Illuminate/Http/Request), Object(Closure))
#41 D:/nintis/Package-Provider/vendor/laravel/framework/src/Illuminate/Foundation/Http/Middleware/TransformsRequest.php(21): Illuminate/Pipeline/Pipeline->{closure:{closure:Illuminate/Pipeline/Pipeline::carry():194}:195}(Object(Illuminate/Http/Request))
#42 D:/nintis/Package-Provider/vendor/laravel/framework/src/Illuminate/Foundation/Http/Middleware/TrimStrings.php(51): Illuminate/Foundation/Http/Middleware/TransformsRequest->handle(Object(Illuminate/Http/Request), Object(Closure))
#43 D:/nintis/Package-Provider/vendor/laravel/framework/src/Illuminate/Pipeline/Pipeline.php(219): Illuminate/Foundation/Http/Middleware/TrimStrings->handle(Object(Illuminate/Http/Request), Object(Closure))
#44 D:/nintis/Package-Provider/vendor/laravel/framework/src/Illuminate/Http/Middleware/ValidatePostSize.php(27): Illuminate/Pipeline/Pipeline->{closure:{closure:Illuminate/Pipeline/Pipeline::carry():194}:195}(Object(Illuminate/Http/Request))
#45 D:/nintis/Package-Provider/vendor/laravel/framework/src/Illuminate/Pipeline/Pipeline.php(219): Illuminate/Http/Middleware/ValidatePostSize->handle(Object(Illuminate/Http/Request), Object(Closure))
#46 D:/nintis/Package-Provider/vendor/laravel/framework/src/Illuminate/Foundation/Http/Middleware/PreventRequestsDuringMaintenance.php(109): Illuminate/Pipeline/Pipeline->{closure:{closure:Illuminate/Pipeline/Pipeline::carry():194}:195}(Object(Illuminate/Http/Request))
#47 D:/nintis/Package-Provider/vendor/laravel/framework/src/Illuminate/Pipeline/Pipeline.php(219): Illuminate/Foundation/Http/Middleware/PreventRequestsDuringMaintenance->handle(Object(Illuminate/Http/Request), Object(Closure))
#48 D:/nintis/Package-Provider/vendor/laravel/framework/src/Illuminate/Http/Middleware/HandleCors.php(61): Illuminate/Pipeline/Pipeline->{closure:{closure:Illuminate/Pipeline/Pipeline::carry():194}:195}(Object(Illuminate/Http/Request))
#49 D:/nintis/Package-Provider/vendor/laravel/framework/src/Illuminate/Pipeline/Pipeline.php(219): Illuminate/Http/Middleware/HandleCors->handle(Object(Illuminate/Http/Request), Object(Closure))
#50 D:/nintis/Package-Provider/vendor/laravel/framework/src/Illuminate/Http/Middleware/TrustProxies.php(58): Illuminate/Pipeline/Pipeline->{closure:{closure:Illuminate/Pipeline/Pipeline::carry():194}:195}(Object(Illuminate/Http/Request))
#51 D:/nintis/Package-Provider/vendor/laravel/framework/src/Illuminate/Pipeline/Pipeline.php(219): Illuminate/Http/Middleware/TrustProxies->handle(Object(Illuminate/Http/Request), Object(Closure))
#52 D:/nintis/Package-Provider/vendor/laravel/framework/src/Illuminate/Foundation/Http/Middleware/InvokeDeferredCallbacks.php(22): Illuminate/Pipeline/Pipeline->{closure:{closure:Illuminate/Pipeline/Pipeline::carry():194}:195}(Object(Illuminate/Http/Request))
#53 D:/nintis/Package-Provider/vendor/laravel/framework/src/Illuminate/Pipeline/Pipeline.php(219): Illuminate/Foundation/Http/Middleware/InvokeDeferredCallbacks->handle(Object(Illuminate/Http/Request), Object(Closure))
#54 D:/nintis/Package-Provider/vendor/laravel/framework/src/Illuminate/Http/Middleware/ValidatePathEncoding.php(28): Illuminate/Pipeline/Pipeline->{closure:{closure:Illuminate/Pipeline/Pipeline::carry():194}:195}(Object(Illuminate/Http/Request))
#55 D:/nintis/Package-Provider/vendor/laravel/framework/src/Illuminate/Pipeline/Pipeline.php(219): Illuminate/Http/Middleware/ValidatePathEncoding->handle(Object(Illuminate/Http/Request), Object(Closure))
#56 D:/nintis/Package-Provider/vendor/laravel/framework/src/Illuminate/Pipeline/Pipeline.php(137): Illuminate/Pipeline/Pipeline->{closure:{closure:Illuminate/Pipeline/Pipeline::carry():194}:195}(Object(Illuminate/Http/Request))
#57 D:/nintis/Package-Provider/vendor/laravel/framework/src/Illuminate/Foundation/Http/Kernel.php(175): Illuminate/Pipeline/Pipeline->then(Object(Closure))
#58 D:/nintis/Package-Provider/vendor/laravel/framework/src/Illuminate/Foundation/Http/Kernel.php(144): Illuminate/Foundation/Http/Kernel->sendRequestThroughRouter(Object(Illuminate/Http/Request))
#59 D:/nintis/Package-Provider/vendor/laravel/framework/src/Illuminate/Foundation/Application.php(1220): Illuminate/Foundation/Http/Kernel->handle(Object(Illuminate/Http/Request))
#60 D:/nintis/Package-Provider/public/index.php(20): Illuminate/Foundation/Application->handleRequest(Object(Illuminate/Http/Request))
#61 D:/nintis/Package-Provider/vendor/laravel/framework/src/Illuminate/Foundation/resources/server.php(23): require_once('D://nintis//Packa...')
#62 {main}
"} 
[2026-05-12 14:35:59] local.WARNING: RLA Alert: Errors {"type":"errors","count":12,"threshold":10,"time_window":5,"message":"Alert: 12 errors detected in the last 5 minutes (threshold: 10)"} 
[2026-05-12 14:36:03] local.ERROR: Symfony\Component\Mime\Message::setBody(): Argument #1 ($body) must be of type ?Symfony\Component\Mime\Part\AbstractPart, string given, called in D:\nintis\Package-Provider\vendor\laravel\framework\src\Illuminate\Support\Traits\ForwardsCalls.php on line 23 {"exception":"[object] (TypeError(code: 0): Symfony\\Component\\Mime\\Message::setBody(): Argument #1 ($body) must be of type ?Symfony\\Component\\Mime\\Part\\AbstractPart, string given, called in D:\\nintis\\Package-Provider\\vendor\\laravel\\framework\\src\\Illuminate\\Support\\Traits\\ForwardsCalls.php on line 23 at D:/nintis/Package-Provider/vendor/symfony/mime/Message.php:45)
[stacktrace]
#0 D:/nintis/Package-Provider/vendor/laravel/framework/src/Illuminate/Support/Traits/ForwardsCalls.php(23): Symfony/Component/Mime/Message->setBody('<!DOCTYPE html>...', 'text/html')
#1 D:/nintis/Package-Provider/vendor/laravel/framework/src/Illuminate/Support/Traits/ForwardsCalls.php(52): Illuminate/Mail/Message->forwardCallTo(Object(Symfony/Component/Mime/Email), 'setBody', Array)
#2 D:/nintis/Package-Provider/vendor/laravel/framework/src/Illuminate/Mail/Message.php(407): Illuminate/Mail/Message->forwardDecoratedCallTo(Object(Symfony/Component/Mime/Email), 'setBody', Array)
#3 D:/nintis/Package-Provider/packages/NIN/RequestLogAnalyzer/src/Services/AlertNotifier.php(149): Illuminate/Mail/Message->__call('setBody', Array)
#4 D:/nintis/Package-Provider/vendor/laravel/framework/src/Illuminate/Mail/Mailer.php(315): NIN/RequestLogAnalyzer/Services/AlertNotifier->{closure:NIN/RequestLogAnalyzer/Services/AlertNotifier::sendViaEmail():145}(Object(Illuminate/Mail/Message))
#5 D:/nintis/Package-Provider/vendor/laravel/framework/src/Illuminate/Mail/MailManager.php(623): Illuminate/Mail/Mailer->send(NULL, Array, Object(Closure))
#6 D:/nintis/Package-Provider/vendor/laravel/framework/src/Illuminate/Support/Facades/Facade.php(363): Illuminate/Mail/MailManager->__call('send', Array)
#7 D:/nintis/Package-Provider/packages/NIN/RequestLogAnalyzer/src/Services/AlertNotifier.php(145): Illuminate/Support/Facades/Facade::__callStatic('send', Array)
#8 D:/nintis/Package-Provider/packages/NIN/RequestLogAnalyzer/src/Services/AlertNotifier.php(35): NIN/RequestLogAnalyzer/Services/AlertNotifier->sendViaEmail(Array)
#9 D:/nintis/Package-Provider/packages/NIN/RequestLogAnalyzer/src/Console/TestAlertCommand.php(36): NIN/RequestLogAnalyzer/Services/AlertNotifier->sendErrorAlert(Array)
#10 D:/nintis/Package-Provider/vendor/laravel/framework/src/Illuminate/Container/BoundMethod.php(36): NIN/RequestLogAnalyzer/Console/TestAlertCommand->handle()
#11 D:/nintis/Package-Provider/vendor/laravel/framework/src/Illuminate/Container/Util.php(43): Illuminate/Container/BoundMethod::{closure:Illuminate/Container/BoundMethod::call():35}()
#12 D:/nintis/Package-Provider/vendor/laravel/framework/src/Illuminate/Container/BoundMethod.php(96): Illuminate/Container/Util::unwrapIfClosure(Object(Closure))
#13 D:/nintis/Package-Provider/vendor/laravel/framework/src/Illuminate/Container/BoundMethod.php(35): Illuminate/Container/BoundMethod::callBoundMethod(Object(Illuminate/Foundation/Application), Array, Object(Closure))
#14 D:/nintis/Package-Provider/vendor/laravel/framework/src/Illuminate/Container/Container.php(799): Illuminate/Container/BoundMethod::call(Object(Illuminate/Foundation/Application), Array, Array, NULL)
#15 D:/nintis/Package-Provider/vendor/laravel/framework/src/Illuminate/Console/Command.php(280): Illuminate/Container/Container->call(Array)
#16 D:/nintis/Package-Provider/vendor/symfony/console/Command/Command.php(291): Illuminate/Console/Command->execute(Object(Symfony/Component/Console/Input/ArgvInput), Object(Illuminate/Console/OutputStyle))
#17 D:/nintis/Package-Provider/vendor/laravel/framework/src/Illuminate/Console/Command.php(249): Symfony/Component/Console/Command/Command->run(Object(Symfony/Component/Console/Input/ArgvInput), Object(Illuminate/Console/OutputStyle))
#18 D:/nintis/Package-Provider/vendor/symfony/console/Application.php(1107): Illuminate/Console/Command->run(Object(Symfony/Component/Console/Input/ArgvInput), Object(Symfony/Component/Console/Output/ConsoleOutput))
#19 D:/nintis/Package-Provider/vendor/symfony/console/Application.php(356): Symfony/Component/Console/Application->doRunCommand(Object(NIN/RequestLogAnalyzer/Console/TestAlertCommand), Object(Symfony/Component/Console/Input/ArgvInput), Object(Symfony/Component/Console/Output/ConsoleOutput))
#20 D:/nintis/Package-Provider/vendor/symfony/console/Application.php(195): Symfony/Component/Console/Application->doRun(Object(Symfony/Component/Console/Input/ArgvInput), Object(Symfony/Component/Console/Output/ConsoleOutput))
#21 D:/nintis/Package-Provider/vendor/laravel/framework/src/Illuminate/Foundation/Console/Kernel.php(198): Symfony/Component/Console/Application->run(Object(Symfony/Component/Console/Input/ArgvInput), Object(Symfony/Component/Console/Output/ConsoleOutput))
#22 D:/nintis/Package-Provider/vendor/laravel/framework/src/Illuminate/Foundation/Application.php(1235): Illuminate/Foundation/Console/Kernel->handle(Object(Symfony/Component/Console/Input/ArgvInput), Object(Symfony/Component/Console/Output/ConsoleOutput))
#23 D:/nintis/Package-Provider/artisan(16): Illuminate/Foundation/Application->handleCommand(Object(Symfony/Component/Console/Input/ArgvInput))
#24 {main}
"} 
[2026-05-12 14:37:13] local.WARNING: RLA Alert: Errors {"type":"errors","count":12,"threshold":10,"time_window":5,"message":"Alert: 12 errors detected in the last 5 minutes (threshold: 10)"} 
[2026-05-12 14:37:19] local.INFO: RLA Email Alert sent {"type":"errors","recipients":1} 
[2026-05-12 14:37:41] local.WARNING: RLA Alert: Slow requests {"type":"slow_requests","count":8,"threshold":5,"time_window":5,"slow_threshold_ms":500,"message":"Alert: 8 slow requests (>500ms) detected in the last 5 minutes (threshold: 5)"} 
[2026-05-12 14:37:46] local.INFO: RLA Email Alert sent {"type":"slow_requests","recipients":1} 
[2026-05-12 14:47:26] local.WARNING: RLA Alert: Errors {"type":"errors","count":12,"threshold":10,"time_window":5,"message":"Alert: 12 errors detected in the last 5 minutes (threshold: 10)"} 
[2026-05-12 14:47:32] local.INFO: RLA Email Alert sent {"type":"errors","recipients":1} 
[2026-05-12 14:47:33] local.INFO: RLA Discord Alert sent {"type":"errors","webhook_domain":"discord.com"} 
[2026-05-12 14:47:49] local.WARNING: RLA Alert: Slow requests {"type":"slow_requests","count":8,"threshold":5,"time_window":5,"slow_threshold_ms":500,"message":"Alert: 8 slow requests (>500ms) detected in the last 5 minutes (threshold: 5)"} 
[2026-05-12 14:47:55] local.INFO: RLA Email Alert sent {"type":"slow_requests","recipients":1} 
[2026-05-12 14:47:56] local.INFO: RLA Discord Alert sent {"type":"slow_requests","webhook_domain":"discord.com"} 
[2026-05-12 16:08:42] local.ERROR: NIN\RequestLogAnalyzer\Repositories\RateUsageRepository::topUsersByRequests(): Argument #2 ($limit) must be of type int, string given, called in D:\nintis\Package-Provider\packages\NIN\RequestLogAnalyzer\src\Http\Controllers\RequestLogController.php on line 166 {"exception":"[object] (TypeError(code: 0): NIN\\RequestLogAnalyzer\\Repositories\\RateUsageRepository::topUsersByRequests(): Argument #2 ($limit) must be of type int, string given, called in D:\\nintis\\Package-Provider\\packages\\NIN\\RequestLogAnalyzer\\src\\Http\\Controllers\\RequestLogController.php on line 166 at D:/nintis/Package-Provider/packages/NIN/RequestLogAnalyzer/src/Repositories/RateUsageRepository.php:95)
[stacktrace]
#0 D:/nintis/Package-Provider/packages/NIN/RequestLogAnalyzer/src/Http/Controllers/RequestLogController.php(166): NIN/RequestLogAnalyzer/Repositories/RateUsageRepository->topUsersByRequests('10', 'minute')
#1 D:/nintis/Package-Provider/vendor/laravel/framework/src/Illuminate/Routing/Controller.php(54): NIN/RequestLogAnalyzer/Http/Controllers/RequestLogController->apiInsights()
#2 D:/nintis/Package-Provider/vendor/laravel/framework/src/Illuminate/Routing/ControllerDispatcher.php(43): Illuminate/Routing/Controller->callAction('apiInsights', Array)
#3 D:/nintis/Package-Provider/vendor/laravel/framework/src/Illuminate/Routing/Route.php(269): Illuminate/Routing/ControllerDispatcher->dispatch(Object(Illuminate/Routing/Route), Object(NIN/RequestLogAnalyzer/Http/Controllers/RequestLogController), 'apiInsights')
#4 D:/nintis/Package-Provider/vendor/laravel/framework/src/Illuminate/Routing/Route.php(215): Illuminate/Routing/Route->runController()
#5 D:/nintis/Package-Provider/vendor/laravel/framework/src/Illuminate/Routing/Router.php(822): Illuminate/Routing/Route->run()
#6 D:/nintis/Package-Provider/vendor/laravel/framework/src/Illuminate/Pipeline/Pipeline.php(180): Illuminate/Routing/Router->{closure:Illuminate/Routing/Router::runRouteWithinStack():821}(Object(Illuminate/Http/Request))
#7 D:/nintis/Package-Provider/vendor/laravel/framework/src/Illuminate/Routing/Middleware/SubstituteBindings.php(52): Illuminate/Pipeline/Pipeline->{closure:Illuminate/Pipeline/Pipeline::prepareDestination():178}(Object(Illuminate/Http/Request))
#8 D:/nintis/Package-Provider/vendor/laravel/framework/src/Illuminate/Pipeline/Pipeline.php(219): Illuminate/Routing/Middleware/SubstituteBindings->handle(Object(Illuminate/Http/Request), Object(Closure))
#9 D:/nintis/Package-Provider/vendor/laravel/framework/src/Illuminate/Foundation/Http/Middleware/PreventRequestForgery.php(104): Illuminate/Pipeline/Pipeline->{closure:{closure:Illuminate/Pipeline/Pipeline::carry():194}:195}(Object(Illuminate/Http/Request))
#10 D:/nintis/Package-Provider/vendor/laravel/framework/src/Illuminate/Pipeline/Pipeline.php(219): Illuminate/Foundation/Http/Middleware/PreventRequestForgery->handle(Object(Illuminate/Http/Request), Object(Closure))
#11 D:/nintis/Package-Provider/vendor/laravel/framework/src/Illuminate/View/Middleware/ShareErrorsFromSession.php(48): Illuminate/Pipeline/Pipeline->{closure:{closure:Illuminate/Pipeline/Pipeline::carry():194}:195}(Object(Illuminate/Http/Request))
#12 D:/nintis/Package-Provider/vendor/laravel/framework/src/Illuminate/Pipeline/Pipeline.php(219): Illuminate/View/Middleware/ShareErrorsFromSession->handle(Object(Illuminate/Http/Request), Object(Closure))
#13 D:/nintis/Package-Provider/vendor/laravel/framework/src/Illuminate/Session/Middleware/StartSession.php(120): Illuminate/Pipeline/Pipeline->{closure:{closure:Illuminate/Pipeline/Pipeline::carry():194}:195}(Object(Illuminate/Http/Request))
#14 D:/nintis/Package-Provider/vendor/laravel/framework/src/Illuminate/Session/Middleware/StartSession.php(63): Illuminate/Session/Middleware/StartSession->handleStatefulRequest(Object(Illuminate/Http/Request), Object(Illuminate/Session/Store), Object(Closure))
#15 D:/nintis/Package-Provider/vendor/laravel/framework/src/Illuminate/Pipeline/Pipeline.php(219): Illuminate/Session/Middleware/StartSession->handle(Object(Illuminate/Http/Request), Object(Closure))
#16 D:/nintis/Package-Provider/vendor/laravel/framework/src/Illuminate/Cookie/Middleware/AddQueuedCookiesToResponse.php(36): Illuminate/Pipeline/Pipeline->{closure:{closure:Illuminate/Pipeline/Pipeline::carry():194}:195}(Object(Illuminate/Http/Request))
#17 D:/nintis/Package-Provider/vendor/laravel/framework/src/Illuminate/Pipeline/Pipeline.php(219): Illuminate/Cookie/Middleware/AddQueuedCookiesToResponse->handle(Object(Illuminate/Http/Request), Object(Closure))
#18 D:/nintis/Package-Provider/vendor/laravel/framework/src/Illuminate/Cookie/Middleware/EncryptCookies.php(74): Illuminate/Pipeline/Pipeline->{closure:{closure:Illuminate/Pipeline/Pipeline::carry():194}:195}(Object(Illuminate/Http/Request))
#19 D:/nintis/Package-Provider/vendor/laravel/framework/src/Illuminate/Pipeline/Pipeline.php(219): Illuminate/Cookie/Middleware/EncryptCookies->handle(Object(Illuminate/Http/Request), Object(Closure))
#20 D:/nintis/Package-Provider/vendor/laravel/framework/src/Illuminate/Pipeline/Pipeline.php(137): Illuminate/Pipeline/Pipeline->{closure:{closure:Illuminate/Pipeline/Pipeline::carry():194}:195}(Object(Illuminate/Http/Request))
#21 D:/nintis/Package-Provider/vendor/laravel/framework/src/Illuminate/Routing/Router.php(821): Illuminate/Pipeline/Pipeline->then(Object(Closure))
#22 D:/nintis/Package-Provider/vendor/laravel/framework/src/Illuminate/Routing/Router.php(800): Illuminate/Routing/Router->runRouteWithinStack(Object(Illuminate/Routing/Route), Object(Illuminate/Http/Request))
#23 D:/nintis/Package-Provider/vendor/laravel/framework/src/Illuminate/Routing/Router.php(764): Illuminate/Routing/Router->runRoute(Object(Illuminate/Http/Request), Object(Illuminate/Routing/Route))
#24 D:/nintis/Package-Provider/vendor/laravel/framework/src/Illuminate/Routing/Router.php(753): Illuminate/Routing/Router->dispatchToRoute(Object(Illuminate/Http/Request))
#25 D:/nintis/Package-Provider/vendor/laravel/framework/src/Illuminate/Foundation/Http/Kernel.php(200): Illuminate/Routing/Router->dispatch(Object(Illuminate/Http/Request))
#26 D:/nintis/Package-Provider/vendor/laravel/framework/src/Illuminate/Pipeline/Pipeline.php(180): Illuminate/Foundation/Http/Kernel->{closure:Illuminate/Foundation/Http/Kernel::dispatchToRouter():197}(Object(Illuminate/Http/Request))
#27 D:/nintis/Package-Provider/packages/NIN/RequestLogAnalyzer/src/Http/Middleware/TrackRequest.php(102): Illuminate/Pipeline/Pipeline->{closure:Illuminate/Pipeline/Pipeline::prepareDestination():178}(Object(Illuminate/Http/Request))
#28 D:/nintis/Package-Provider/vendor/laravel/framework/src/Illuminate/Pipeline/Pipeline.php(219): NIN/RequestLogAnalyzer/Http/Middleware/TrackRequest->handle(Object(Illuminate/Http/Request), Object(Closure))
#29 D:/nintis/Package-Provider/vendor/laravel/framework/src/Illuminate/Foundation/Http/Middleware/TransformsRequest.php(21): Illuminate/Pipeline/Pipeline->{closure:{closure:Illuminate/Pipeline/Pipeline::carry():194}:195}(Object(Illuminate/Http/Request))
#30 D:/nintis/Package-Provider/vendor/laravel/framework/src/Illuminate/Foundation/Http/Middleware/ConvertEmptyStringsToNull.php(31): Illuminate/Foundation/Http/Middleware/TransformsRequest->handle(Object(Illuminate/Http/Request), Object(Closure))
#31 D:/nintis/Package-Provider/vendor/laravel/framework/src/Illuminate/Pipeline/Pipeline.php(219): Illuminate/Foundation/Http/Middleware/ConvertEmptyStringsToNull->handle(Object(Illuminate/Http/Request), Object(Closure))
#32 D:/nintis/Package-Provider/vendor/laravel/framework/src/Illuminate/Foundation/Http/Middleware/TransformsRequest.php(21): Illuminate/Pipeline/Pipeline->{closure:{closure:Illuminate/Pipeline/Pipeline::carry():194}:195}(Object(Illuminate/Http/Request))
#33 D:/nintis/Package-Provider/vendor/laravel/framework/src/Illuminate/Foundation/Http/Middleware/TrimStrings.php(51): Illuminate/Foundation/Http/Middleware/TransformsRequest->handle(Object(Illuminate/Http/Request), Object(Closure))
#34 D:/nintis/Package-Provider/vendor/laravel/framework/src/Illuminate/Pipeline/Pipeline.php(219): Illuminate/Foundation/Http/Middleware/TrimStrings->handle(Object(Illuminate/Http/Request), Object(Closure))
#35 D:/nintis/Package-Provider/vendor/laravel/framework/src/Illuminate/Http/Middleware/ValidatePostSize.php(27): Illuminate/Pipeline/Pipeline->{closure:{closure:Illuminate/Pipeline/Pipeline::carry():194}:195}(Object(Illuminate/Http/Request))
#36 D:/nintis/Package-Provider/vendor/laravel/framework/src/Illuminate/Pipeline/Pipeline.php(219): Illuminate/Http/Middleware/ValidatePostSize->handle(Object(Illuminate/Http/Request), Object(Closure))
#37 D:/nintis/Package-Provider/vendor/laravel/framework/src/Illuminate/Foundation/Http/Middleware/PreventRequestsDuringMaintenance.php(109): Illuminate/Pipeline/Pipeline->{closure:{closure:Illuminate/Pipeline/Pipeline::carry():194}:195}(Object(Illuminate/Http/Request))
#38 D:/nintis/Package-Provider/vendor/laravel/framework/src/Illuminate/Pipeline/Pipeline.php(219): Illuminate/Foundation/Http/Middleware/PreventRequestsDuringMaintenance->handle(Object(Illuminate/Http/Request), Object(Closure))
#39 D:/nintis/Package-Provider/vendor/laravel/framework/src/Illuminate/Http/Middleware/HandleCors.php(61): Illuminate/Pipeline/Pipeline->{closure:{closure:Illuminate/Pipeline/Pipeline::carry():194}:195}(Object(Illuminate/Http/Request))
#40 D:/nintis/Package-Provider/vendor/laravel/framework/src/Illuminate/Pipeline/Pipeline.php(219): Illuminate/Http/Middleware/HandleCors->handle(Object(Illuminate/Http/Request), Object(Closure))
#41 D:/nintis/Package-Provider/vendor/laravel/framework/src/Illuminate/Http/Middleware/TrustProxies.php(58): Illuminate/Pipeline/Pipeline->{closure:{closure:Illuminate/Pipeline/Pipeline::carry():194}:195}(Object(Illuminate/Http/Request))
#42 D:/nintis/Package-Provider/vendor/laravel/framework/src/Illuminate/Pipeline/Pipeline.php(219): Illuminate/Http/Middleware/TrustProxies->handle(Object(Illuminate/Http/Request), Object(Closure))
#43 D:/nintis/Package-Provider/vendor/laravel/framework/src/Illuminate/Foundation/Http/Middleware/InvokeDeferredCallbacks.php(22): Illuminate/Pipeline/Pipeline->{closure:{closure:Illuminate/Pipeline/Pipeline::carry():194}:195}(Object(Illuminate/Http/Request))
#44 D:/nintis/Package-Provider/vendor/laravel/framework/src/Illuminate/Pipeline/Pipeline.php(219): Illuminate/Foundation/Http/Middleware/InvokeDeferredCallbacks->handle(Object(Illuminate/Http/Request), Object(Closure))
#45 D:/nintis/Package-Provider/vendor/laravel/framework/src/Illuminate/Http/Middleware/ValidatePathEncoding.php(28): Illuminate/Pipeline/Pipeline->{closure:{closure:Illuminate/Pipeline/Pipeline::carry():194}:195}(Object(Illuminate/Http/Request))
#46 D:/nintis/Package-Provider/vendor/laravel/framework/src/Illuminate/Pipeline/Pipeline.php(219): Illuminate/Http/Middleware/ValidatePathEncoding->handle(Object(Illuminate/Http/Request), Object(Closure))
#47 D:/nintis/Package-Provider/vendor/laravel/framework/src/Illuminate/Pipeline/Pipeline.php(137): Illuminate/Pipeline/Pipeline->{closure:{closure:Illuminate/Pipeline/Pipeline::carry():194}:195}(Object(Illuminate/Http/Request))
#48 D:/nintis/Package-Provider/vendor/laravel/framework/src/Illuminate/Foundation/Http/Kernel.php(175): Illuminate/Pipeline/Pipeline->then(Object(Closure))
#49 D:/nintis/Package-Provider/vendor/laravel/framework/src/Illuminate/Foundation/Http/Kernel.php(144): Illuminate/Foundation/Http/Kernel->sendRequestThroughRouter(Object(Illuminate/Http/Request))
#50 D:/nintis/Package-Provider/vendor/laravel/framework/src/Illuminate/Foundation/Application.php(1220): Illuminate/Foundation/Http/Kernel->handle(Object(Illuminate/Http/Request))
#51 D:/nintis/Package-Provider/public/index.php(20): Illuminate/Foundation/Application->handleRequest(Object(Illuminate/Http/Request))
#52 D:/nintis/Package-Provider/vendor/laravel/framework/src/Illuminate/Foundation/resources/server.php(23): require_once('D://nintis//Packa...')
#53 {main}
"} 
[2026-05-12 16:11:04] local.ERROR: Cannot end a section without first starting one. (View: D:\nintis\Package-Provider\packages\NIN\RequestLogAnalyzer\resources\views\api-insights.blade.php) {"exception":"[object] (Illuminate\\View\\ViewException(code: 0): Cannot end a section without first starting one. (View: D:\\nintis\\Package-Provider\\packages\\NIN\\RequestLogAnalyzer\\resources\\views\\api-insights.blade.php) at D:/nintis/Package-Provider/vendor/laravel/framework/src/Illuminate/View/Concerns/ManagesLayouts.php:94)
[stacktrace]
#0 D:/nintis/Package-Provider/vendor/laravel/framework/src/Illuminate/View/Engines/PhpEngine.php(59): Illuminate/View/Engines/CompilerEngine->handleViewException(Object(InvalidArgumentException), 1)
#1 D:/nintis/Package-Provider/vendor/laravel/framework/src/Illuminate/View/Engines/CompilerEngine.php(76): Illuminate/View/Engines/PhpEngine->evaluatePath('D://nintis//Packa...', Array)
#2 D:/nintis/Package-Provider/vendor/laravel/framework/src/Illuminate/View/View.php(208): Illuminate/View/Engines/CompilerEngine->get('D://nintis//Packa...', Array)
#3 D:/nintis/Package-Provider/vendor/laravel/framework/src/Illuminate/View/View.php(191): Illuminate/View/View->getContents()
#4 D:/nintis/Package-Provider/vendor/laravel/framework/src/Illuminate/View/View.php(160): Illuminate/View/View->renderContents()
#5 D:/nintis/Package-Provider/vendor/laravel/framework/src/Illuminate/Http/Response.php(78): Illuminate/View/View->render()
#6 D:/nintis/Package-Provider/vendor/laravel/framework/src/Illuminate/Http/Response.php(34): Illuminate/Http/Response->setContent(Object(Illuminate/View/View))
#7 D:/nintis/Package-Provider/vendor/laravel/framework/src/Illuminate/Routing/Router.php(939): Illuminate/Http/Response->__construct(Object(Illuminate/View/View), 200, Array)
#8 D:/nintis/Package-Provider/vendor/laravel/framework/src/Illuminate/Routing/Router.php(906): Illuminate/Routing/Router::toResponse(Object(Illuminate/Http/Request), Object(Illuminate/View/View))
#9 D:/nintis/Package-Provider/vendor/laravel/framework/src/Illuminate/Routing/Router.php(821): Illuminate/Routing/Router->prepareResponse(Object(Illuminate/Http/Request), Object(Illuminate/View/View))
#10 D:/nintis/Package-Provider/vendor/laravel/framework/src/Illuminate/Pipeline/Pipeline.php(180): Illuminate/Routing/Router->{closure:Illuminate/Routing/Router::runRouteWithinStack():821}(Object(Illuminate/Http/Request))
#11 D:/nintis/Package-Provider/vendor/laravel/framework/src/Illuminate/Routing/Middleware/SubstituteBindings.php(52): Illuminate/Pipeline/Pipeline->{closure:Illuminate/Pipeline/Pipeline::prepareDestination():178}(Object(Illuminate/Http/Request))
#12 D:/nintis/Package-Provider/vendor/laravel/framework/src/Illuminate/Pipeline/Pipeline.php(219): Illuminate/Routing/Middleware/SubstituteBindings->handle(Object(Illuminate/Http/Request), Object(Closure))
#13 D:/nintis/Package-Provider/vendor/laravel/framework/src/Illuminate/Foundation/Http/Middleware/PreventRequestForgery.php(104): Illuminate/Pipeline/Pipeline->{closure:{closure:Illuminate/Pipeline/Pipeline::carry():194}:195}(Object(Illuminate/Http/Request))
#14 D:/nintis/Package-Provider/vendor/laravel/framework/src/Illuminate/Pipeline/Pipeline.php(219): Illuminate/Foundation/Http/Middleware/PreventRequestForgery->handle(Object(Illuminate/Http/Request), Object(Closure))
#15 D:/nintis/Package-Provider/vendor/laravel/framework/src/Illuminate/View/Middleware/ShareErrorsFromSession.php(48): Illuminate/Pipeline/Pipeline->{closure:{closure:Illuminate/Pipeline/Pipeline::carry():194}:195}(Object(Illuminate/Http/Request))
#16 D:/nintis/Package-Provider/vendor/laravel/framework/src/Illuminate/Pipeline/Pipeline.php(219): Illuminate/View/Middleware/ShareErrorsFromSession->handle(Object(Illuminate/Http/Request), Object(Closure))
#17 D:/nintis/Package-Provider/vendor/laravel/framework/src/Illuminate/Session/Middleware/StartSession.php(120): Illuminate/Pipeline/Pipeline->{closure:{closure:Illuminate/Pipeline/Pipeline::carry():194}:195}(Object(Illuminate/Http/Request))
#18 D:/nintis/Package-Provider/vendor/laravel/framework/src/Illuminate/Session/Middleware/StartSession.php(63): Illuminate/Session/Middleware/StartSession->handleStatefulRequest(Object(Illuminate/Http/Request), Object(Illuminate/Session/Store), Object(Closure))
#19 D:/nintis/Package-Provider/vendor/laravel/framework/src/Illuminate/Pipeline/Pipeline.php(219): Illuminate/Session/Middleware/StartSession->handle(Object(Illuminate/Http/Request), Object(Closure))
#20 D:/nintis/Package-Provider/vendor/laravel/framework/src/Illuminate/Cookie/Middleware/AddQueuedCookiesToResponse.php(36): Illuminate/Pipeline/Pipeline->{closure:{closure:Illuminate/Pipeline/Pipeline::carry():194}:195}(Object(Illuminate/Http/Request))
#21 D:/nintis/Package-Provider/vendor/laravel/framework/src/Illuminate/Pipeline/Pipeline.php(219): Illuminate/Cookie/Middleware/AddQueuedCookiesToResponse->handle(Object(Illuminate/Http/Request), Object(Closure))
#22 D:/nintis/Package-Provider/vendor/laravel/framework/src/Illuminate/Cookie/Middleware/EncryptCookies.php(74): Illuminate/Pipeline/Pipeline->{closure:{closure:Illuminate/Pipeline/Pipeline::carry():194}:195}(Object(Illuminate/Http/Request))
#23 D:/nintis/Package-Provider/vendor/laravel/framework/src/Illuminate/Pipeline/Pipeline.php(219): Illuminate/Cookie/Middleware/EncryptCookies->handle(Object(Illuminate/Http/Request), Object(Closure))
#24 D:/nintis/Package-Provider/vendor/laravel/framework/src/Illuminate/Pipeline/Pipeline.php(137): Illuminate/Pipeline/Pipeline->{closure:{closure:Illuminate/Pipeline/Pipeline::carry():194}:195}(Object(Illuminate/Http/Request))
#25 D:/nintis/Package-Provider/vendor/laravel/framework/src/Illuminate/Routing/Router.php(821): Illuminate/Pipeline/Pipeline->then(Object(Closure))
#26 D:/nintis/Package-Provider/vendor/laravel/framework/src/Illuminate/Routing/Router.php(800): Illuminate/Routing/Router->runRouteWithinStack(Object(Illuminate/Routing/Route), Object(Illuminate/Http/Request))
#27 D:/nintis/Package-Provider/vendor/laravel/framework/src/Illuminate/Routing/Router.php(764): Illuminate/Routing/Router->runRoute(Object(Illuminate/Http/Request), Object(Illuminate/Routing/Route))
#28 D:/nintis/Package-Provider/vendor/laravel/framework/src/Illuminate/Routing/Router.php(753): Illuminate/Routing/Router->dispatchToRoute(Object(Illuminate/Http/Request))
#29 D:/nintis/Package-Provider/vendor/laravel/framework/src/Illuminate/Foundation/Http/Kernel.php(200): Illuminate/Routing/Router->dispatch(Object(Illuminate/Http/Request))
#30 D:/nintis/Package-Provider/vendor/laravel/framework/src/Illuminate/Pipeline/Pipeline.php(180): Illuminate/Foundation/Http/Kernel->{closure:Illuminate/Foundation/Http/Kernel::dispatchToRouter():197}(Object(Illuminate/Http/Request))
#31 D:/nintis/Package-Provider/packages/NIN/RequestLogAnalyzer/src/Http/Middleware/TrackRequest.php(102): Illuminate/Pipeline/Pipeline->{closure:Illuminate/Pipeline/Pipeline::prepareDestination():178}(Object(Illuminate/Http/Request))
#32 D:/nintis/Package-Provider/vendor/laravel/framework/src/Illuminate/Pipeline/Pipeline.php(219): NIN/RequestLogAnalyzer/Http/Middleware/TrackRequest->handle(Object(Illuminate/Http/Request), Object(Closure))
#33 D:/nintis/Package-Provider/vendor/laravel/framework/src/Illuminate/Foundation/Http/Middleware/TransformsRequest.php(21): Illuminate/Pipeline/Pipeline->{closure:{closure:Illuminate/Pipeline/Pipeline::carry():194}:195}(Object(Illuminate/Http/Request))
#34 D:/nintis/Package-Provider/vendor/laravel/framework/src/Illuminate/Foundation/Http/Middleware/ConvertEmptyStringsToNull.php(31): Illuminate/Foundation/Http/Middleware/TransformsRequest->handle(Object(Illuminate/Http/Request), Object(Closure))
#35 D:/nintis/Package-Provider/vendor/laravel/framework/src/Illuminate/Pipeline/Pipeline.php(219): Illuminate/Foundation/Http/Middleware/ConvertEmptyStringsToNull->handle(Object(Illuminate/Http/Request), Object(Closure))
#36 D:/nintis/Package-Provider/vendor/laravel/framework/src/Illuminate/Foundation/Http/Middleware/TransformsRequest.php(21): Illuminate/Pipeline/Pipeline->{closure:{closure:Illuminate/Pipeline/Pipeline::carry():194}:195}(Object(Illuminate/Http/Request))
#37 D:/nintis/Package-Provider/vendor/laravel/framework/src/Illuminate/Foundation/Http/Middleware/TrimStrings.php(51): Illuminate/Foundation/Http/Middleware/TransformsRequest->handle(Object(Illuminate/Http/Request), Object(Closure))
#38 D:/nintis/Package-Provider/vendor/laravel/framework/src/Illuminate/Pipeline/Pipeline.php(219): Illuminate/Foundation/Http/Middleware/TrimStrings->handle(Object(Illuminate/Http/Request), Object(Closure))
#39 D:/nintis/Package-Provider/vendor/laravel/framework/src/Illuminate/Http/Middleware/ValidatePostSize.php(27): Illuminate/Pipeline/Pipeline->{closure:{closure:Illuminate/Pipeline/Pipeline::carry():194}:195}(Object(Illuminate/Http/Request))
#40 D:/nintis/Package-Provider/vendor/laravel/framework/src/Illuminate/Pipeline/Pipeline.php(219): Illuminate/Http/Middleware/ValidatePostSize->handle(Object(Illuminate/Http/Request), Object(Closure))
#41 D:/nintis/Package-Provider/vendor/laravel/framework/src/Illuminate/Foundation/Http/Middleware/PreventRequestsDuringMaintenance.php(109): Illuminate/Pipeline/Pipeline->{closure:{closure:Illuminate/Pipeline/Pipeline::carry():194}:195}(Object(Illuminate/Http/Request))
#42 D:/nintis/Package-Provider/vendor/laravel/framework/src/Illuminate/Pipeline/Pipeline.php(219): Illuminate/Foundation/Http/Middleware/PreventRequestsDuringMaintenance->handle(Object(Illuminate/Http/Request), Object(Closure))
#43 D:/nintis/Package-Provider/vendor/laravel/framework/src/Illuminate/Http/Middleware/HandleCors.php(61): Illuminate/Pipeline/Pipeline->{closure:{closure:Illuminate/Pipeline/Pipeline::carry():194}:195}(Object(Illuminate/Http/Request))
#44 D:/nintis/Package-Provider/vendor/laravel/framework/src/Illuminate/Pipeline/Pipeline.php(219): Illuminate/Http/Middleware/HandleCors->handle(Object(Illuminate/Http/Request), Object(Closure))
#45 D:/nintis/Package-Provider/vendor/laravel/framework/src/Illuminate/Http/Middleware/TrustProxies.php(58): Illuminate/Pipeline/Pipeline->{closure:{closure:Illuminate/Pipeline/Pipeline::carry():194}:195}(Object(Illuminate/Http/Request))
#46 D:/nintis/Package-Provider/vendor/laravel/framework/src/Illuminate/Pipeline/Pipeline.php(219): Illuminate/Http/Middleware/TrustProxies->handle(Object(Illuminate/Http/Request), Object(Closure))
#47 D:/nintis/Package-Provider/vendor/laravel/framework/src/Illuminate/Foundation/Http/Middleware/InvokeDeferredCallbacks.php(22): Illuminate/Pipeline/Pipeline->{closure:{closure:Illuminate/Pipeline/Pipeline::carry():194}:195}(Object(Illuminate/Http/Request))
#48 D:/nintis/Package-Provider/vendor/laravel/framework/src/Illuminate/Pipeline/Pipeline.php(219): Illuminate/Foundation/Http/Middleware/InvokeDeferredCallbacks->handle(Object(Illuminate/Http/Request), Object(Closure))
#49 D:/nintis/Package-Provider/vendor/laravel/framework/src/Illuminate/Http/Middleware/ValidatePathEncoding.php(28): Illuminate/Pipeline/Pipeline->{closure:{closure:Illuminate/Pipeline/Pipeline::carry():194}:195}(Object(Illuminate/Http/Request))
#50 D:/nintis/Package-Provider/vendor/laravel/framework/src/Illuminate/Pipeline/Pipeline.php(219): Illuminate/Http/Middleware/ValidatePathEncoding->handle(Object(Illuminate/Http/Request), Object(Closure))
#51 D:/nintis/Package-Provider/vendor/laravel/framework/src/Illuminate/Pipeline/Pipeline.php(137): Illuminate/Pipeline/Pipeline->{closure:{closure:Illuminate/Pipeline/Pipeline::carry():194}:195}(Object(Illuminate/Http/Request))
#52 D:/nintis/Package-Provider/vendor/laravel/framework/src/Illuminate/Foundation/Http/Kernel.php(175): Illuminate/Pipeline/Pipeline->then(Object(Closure))
#53 D:/nintis/Package-Provider/vendor/laravel/framework/src/Illuminate/Foundation/Http/Kernel.php(144): Illuminate/Foundation/Http/Kernel->sendRequestThroughRouter(Object(Illuminate/Http/Request))
#54 D:/nintis/Package-Provider/vendor/laravel/framework/src/Illuminate/Foundation/Application.php(1220): Illuminate/Foundation/Http/Kernel->handle(Object(Illuminate/Http/Request))
#55 D:/nintis/Package-Provider/public/index.php(20): Illuminate/Foundation/Application->handleRequest(Object(Illuminate/Http/Request))
#56 D:/nintis/Package-Provider/vendor/laravel/framework/src/Illuminate/Foundation/resources/server.php(23): require_once('D://nintis//Packa...')
#57 {main}

[previous exception] [object] (InvalidArgumentException(code: 0): Cannot end a section without first starting one. at D:/nintis/Package-Provider/vendor/laravel/framework/src/Illuminate/View/Concerns/ManagesLayouts.php:94)
[stacktrace]
#0 D:/nintis/Package-Provider/storage/framework/views/dc7718d8cb11eae0ce3ff3b459bb9237.php(360): Illuminate/View/Factory->stopSection()
#1 D:/nintis/Package-Provider/vendor/laravel/framework/src/Illuminate/Filesystem/Filesystem.php(123): require('D://nintis//Packa...')
#2 D:/nintis/Package-Provider/vendor/laravel/framework/src/Illuminate/Filesystem/Filesystem.php(124): Illuminate/Filesystem/Filesystem::{closure:Illuminate/Filesystem/Filesystem::getRequire():120}()
#3 D:/nintis/Package-Provider/vendor/laravel/framework/src/Illuminate/View/Engines/PhpEngine.php(57): Illuminate/Filesystem/Filesystem->getRequire('D://nintis//Packa...', Array)
#4 D:/nintis/Package-Provider/vendor/laravel/framework/src/Illuminate/View/Engines/CompilerEngine.php(76): Illuminate/View/Engines/PhpEngine->evaluatePath('D://nintis//Packa...', Array)
#5 D:/nintis/Package-Provider/vendor/laravel/framework/src/Illuminate/View/View.php(208): Illuminate/View/Engines/CompilerEngine->get('D://nintis//Packa...', Array)
#6 D:/nintis/Package-Provider/vendor/laravel/framework/src/Illuminate/View/View.php(191): Illuminate/View/View->getContents()
#7 D:/nintis/Package-Provider/vendor/laravel/framework/src/Illuminate/View/View.php(160): Illuminate/View/View->renderContents()
#8 D:/nintis/Package-Provider/vendor/laravel/framework/src/Illuminate/Http/Response.php(78): Illuminate/View/View->render()
#9 D:/nintis/Package-Provider/vendor/laravel/framework/src/Illuminate/Http/Response.php(34): Illuminate/Http/Response->setContent(Object(Illuminate/View/View))
#10 D:/nintis/Package-Provider/vendor/laravel/framework/src/Illuminate/Routing/Router.php(939): Illuminate/Http/Response->__construct(Object(Illuminate/View/View), 200, Array)
#11 D:/nintis/Package-Provider/vendor/laravel/framework/src/Illuminate/Routing/Router.php(906): Illuminate/Routing/Router::toResponse(Object(Illuminate/Http/Request), Object(Illuminate/View/View))
#12 D:/nintis/Package-Provider/vendor/laravel/framework/src/Illuminate/Routing/Router.php(821): Illuminate/Routing/Router->prepareResponse(Object(Illuminate/Http/Request), Object(Illuminate/View/View))
#13 D:/nintis/Package-Provider/vendor/laravel/framework/src/Illuminate/Pipeline/Pipeline.php(180): Illuminate/Routing/Router->{closure:Illuminate/Routing/Router::runRouteWithinStack():821}(Object(Illuminate/Http/Request))
#14 D:/nintis/Package-Provider/vendor/laravel/framework/src/Illuminate/Routing/Middleware/SubstituteBindings.php(52): Illuminate/Pipeline/Pipeline->{closure:Illuminate/Pipeline/Pipeline::prepareDestination():178}(Object(Illuminate/Http/Request))
#15 D:/nintis/Package-Provider/vendor/laravel/framework/src/Illuminate/Pipeline/Pipeline.php(219): Illuminate/Routing/Middleware/SubstituteBindings->handle(Object(Illuminate/Http/Request), Object(Closure))
#16 D:/nintis/Package-Provider/vendor/laravel/framework/src/Illuminate/Foundation/Http/Middleware/PreventRequestForgery.php(104): Illuminate/Pipeline/Pipeline->{closure:{closure:Illuminate/Pipeline/Pipeline::carry():194}:195}(Object(Illuminate/Http/Request))
#17 D:/nintis/Package-Provider/vendor/laravel/framework/src/Illuminate/Pipeline/Pipeline.php(219): Illuminate/Foundation/Http/Middleware/PreventRequestForgery->handle(Object(Illuminate/Http/Request), Object(Closure))
#18 D:/nintis/Package-Provider/vendor/laravel/framework/src/Illuminate/View/Middleware/ShareErrorsFromSession.php(48): Illuminate/Pipeline/Pipeline->{closure:{closure:Illuminate/Pipeline/Pipeline::carry():194}:195}(Object(Illuminate/Http/Request))
#19 D:/nintis/Package-Provider/vendor/laravel/framework/src/Illuminate/Pipeline/Pipeline.php(219): Illuminate/View/Middleware/ShareErrorsFromSession->handle(Object(Illuminate/Http/Request), Object(Closure))
#20 D:/nintis/Package-Provider/vendor/laravel/framework/src/Illuminate/Session/Middleware/StartSession.php(120): Illuminate/Pipeline/Pipeline->{closure:{closure:Illuminate/Pipeline/Pipeline::carry():194}:195}(Object(Illuminate/Http/Request))
#21 D:/nintis/Package-Provider/vendor/laravel/framework/src/Illuminate/Session/Middleware/StartSession.php(63): Illuminate/Session/Middleware/StartSession->handleStatefulRequest(Object(Illuminate/Http/Request), Object(Illuminate/Session/Store), Object(Closure))
#22 D:/nintis/Package-Provider/vendor/laravel/framework/src/Illuminate/Pipeline/Pipeline.php(219): Illuminate/Session/Middleware/StartSession->handle(Object(Illuminate/Http/Request), Object(Closure))
#23 D:/nintis/Package-Provider/vendor/laravel/framework/src/Illuminate/Cookie/Middleware/AddQueuedCookiesToResponse.php(36): Illuminate/Pipeline/Pipeline->{closure:{closure:Illuminate/Pipeline/Pipeline::carry():194}:195}(Object(Illuminate/Http/Request))
#24 D:/nintis/Package-Provider/vendor/laravel/framework/src/Illuminate/Pipeline/Pipeline.php(219): Illuminate/Cookie/Middleware/AddQueuedCookiesToResponse->handle(Object(Illuminate/Http/Request), Object(Closure))
#25 D:/nintis/Package-Provider/vendor/laravel/framework/src/Illuminate/Cookie/Middleware/EncryptCookies.php(74): Illuminate/Pipeline/Pipeline->{closure:{closure:Illuminate/Pipeline/Pipeline::carry():194}:195}(Object(Illuminate/Http/Request))
#26 D:/nintis/Package-Provider/vendor/laravel/framework/src/Illuminate/Pipeline/Pipeline.php(219): Illuminate/Cookie/Middleware/EncryptCookies->handle(Object(Illuminate/Http/Request), Object(Closure))
#27 D:/nintis/Package-Provider/vendor/laravel/framework/src/Illuminate/Pipeline/Pipeline.php(137): Illuminate/Pipeline/Pipeline->{closure:{closure:Illuminate/Pipeline/Pipeline::carry():194}:195}(Object(Illuminate/Http/Request))
#28 D:/nintis/Package-Provider/vendor/laravel/framework/src/Illuminate/Routing/Router.php(821): Illuminate/Pipeline/Pipeline->then(Object(Closure))
#29 D:/nintis/Package-Provider/vendor/laravel/framework/src/Illuminate/Routing/Router.php(800): Illuminate/Routing/Router->runRouteWithinStack(Object(Illuminate/Routing/Route), Object(Illuminate/Http/Request))
#30 D:/nintis/Package-Provider/vendor/laravel/framework/src/Illuminate/Routing/Router.php(764): Illuminate/Routing/Router->runRoute(Object(Illuminate/Http/Request), Object(Illuminate/Routing/Route))
#31 D:/nintis/Package-Provider/vendor/laravel/framework/src/Illuminate/Routing/Router.php(753): Illuminate/Routing/Router->dispatchToRoute(Object(Illuminate/Http/Request))
#32 D:/nintis/Package-Provider/vendor/laravel/framework/src/Illuminate/Foundation/Http/Kernel.php(200): Illuminate/Routing/Router->dispatch(Object(Illuminate/Http/Request))
#33 D:/nintis/Package-Provider/vendor/laravel/framework/src/Illuminate/Pipeline/Pipeline.php(180): Illuminate/Foundation/Http/Kernel->{closure:Illuminate/Foundation/Http/Kernel::dispatchToRouter():197}(Object(Illuminate/Http/Request))
#34 D:/nintis/Package-Provider/packages/NIN/RequestLogAnalyzer/src/Http/Middleware/TrackRequest.php(102): Illuminate/Pipeline/Pipeline->{closure:Illuminate/Pipeline/Pipeline::prepareDestination():178}(Object(Illuminate/Http/Request))
#35 D:/nintis/Package-Provider/vendor/laravel/framework/src/Illuminate/Pipeline/Pipeline.php(219): NIN/RequestLogAnalyzer/Http/Middleware/TrackRequest->handle(Object(Illuminate/Http/Request), Object(Closure))
#36 D:/nintis/Package-Provider/vendor/laravel/framework/src/Illuminate/Foundation/Http/Middleware/TransformsRequest.php(21): Illuminate/Pipeline/Pipeline->{closure:{closure:Illuminate/Pipeline/Pipeline::carry():194}:195}(Object(Illuminate/Http/Request))
#37 D:/nintis/Package-Provider/vendor/laravel/framework/src/Illuminate/Foundation/Http/Middleware/ConvertEmptyStringsToNull.php(31): Illuminate/Foundation/Http/Middleware/TransformsRequest->handle(Object(Illuminate/Http/Request), Object(Closure))
#38 D:/nintis/Package-Provider/vendor/laravel/framework/src/Illuminate/Pipeline/Pipeline.php(219): Illuminate/Foundation/Http/Middleware/ConvertEmptyStringsToNull->handle(Object(Illuminate/Http/Request), Object(Closure))
#39 D:/nintis/Package-Provider/vendor/laravel/framework/src/Illuminate/Foundation/Http/Middleware/TransformsRequest.php(21): Illuminate/Pipeline/Pipeline->{closure:{closure:Illuminate/Pipeline/Pipeline::carry():194}:195}(Object(Illuminate/Http/Request))
#40 D:/nintis/Package-Provider/vendor/laravel/framework/src/Illuminate/Foundation/Http/Middleware/TrimStrings.php(51): Illuminate/Foundation/Http/Middleware/TransformsRequest->handle(Object(Illuminate/Http/Request), Object(Closure))
#41 D:/nintis/Package-Provider/vendor/laravel/framework/src/Illuminate/Pipeline/Pipeline.php(219): Illuminate/Foundation/Http/Middleware/TrimStrings->handle(Object(Illuminate/Http/Request), Object(Closure))
#42 D:/nintis/Package-Provider/vendor/laravel/framework/src/Illuminate/Http/Middleware/ValidatePostSize.php(27): Illuminate/Pipeline/Pipeline->{closure:{closure:Illuminate/Pipeline/Pipeline::carry():194}:195}(Object(Illuminate/Http/Request))
#43 D:/nintis/Package-Provider/vendor/laravel/framework/src/Illuminate/Pipeline/Pipeline.php(219): Illuminate/Http/Middleware/ValidatePostSize->handle(Object(Illuminate/Http/Request), Object(Closure))
#44 D:/nintis/Package-Provider/vendor/laravel/framework/src/Illuminate/Foundation/Http/Middleware/PreventRequestsDuringMaintenance.php(109): Illuminate/Pipeline/Pipeline->{closure:{closure:Illuminate/Pipeline/Pipeline::carry():194}:195}(Object(Illuminate/Http/Request))
#45 D:/nintis/Package-Provider/vendor/laravel/framework/src/Illuminate/Pipeline/Pipeline.php(219): Illuminate/Foundation/Http/Middleware/PreventRequestsDuringMaintenance->handle(Object(Illuminate/Http/Request), Object(Closure))
#46 D:/nintis/Package-Provider/vendor/laravel/framework/src/Illuminate/Http/Middleware/HandleCors.php(61): Illuminate/Pipeline/Pipeline->{closure:{closure:Illuminate/Pipeline/Pipeline::carry():194}:195}(Object(Illuminate/Http/Request))
#47 D:/nintis/Package-Provider/vendor/laravel/framework/src/Illuminate/Pipeline/Pipeline.php(219): Illuminate/Http/Middleware/HandleCors->handle(Object(Illuminate/Http/Request), Object(Closure))
#48 D:/nintis/Package-Provider/vendor/laravel/framework/src/Illuminate/Http/Middleware/TrustProxies.php(58): Illuminate/Pipeline/Pipeline->{closure:{closure:Illuminate/Pipeline/Pipeline::carry():194}:195}(Object(Illuminate/Http/Request))
#49 D:/nintis/Package-Provider/vendor/laravel/framework/src/Illuminate/Pipeline/Pipeline.php(219): Illuminate/Http/Middleware/TrustProxies->handle(Object(Illuminate/Http/Request), Object(Closure))
#50 D:/nintis/Package-Provider/vendor/laravel/framework/src/Illuminate/Foundation/Http/Middleware/InvokeDeferredCallbacks.php(22): Illuminate/Pipeline/Pipeline->{closure:{closure:Illuminate/Pipeline/Pipeline::carry():194}:195}(Object(Illuminate/Http/Request))
#51 D:/nintis/Package-Provider/vendor/laravel/framework/src/Illuminate/Pipeline/Pipeline.php(219): Illuminate/Foundation/Http/Middleware/InvokeDeferredCallbacks->handle(Object(Illuminate/Http/Request), Object(Closure))
#52 D:/nintis/Package-Provider/vendor/laravel/framework/src/Illuminate/Http/Middleware/ValidatePathEncoding.php(28): Illuminate/Pipeline/Pipeline->{closure:{closure:Illuminate/Pipeline/Pipeline::carry():194}:195}(Object(Illuminate/Http/Request))
#53 D:/nintis/Package-Provider/vendor/laravel/framework/src/Illuminate/Pipeline/Pipeline.php(219): Illuminate/Http/Middleware/ValidatePathEncoding->handle(Object(Illuminate/Http/Request), Object(Closure))
#54 D:/nintis/Package-Provider/vendor/laravel/framework/src/Illuminate/Pipeline/Pipeline.php(137): Illuminate/Pipeline/Pipeline->{closure:{closure:Illuminate/Pipeline/Pipeline::carry():194}:195}(Object(Illuminate/Http/Request))
#55 D:/nintis/Package-Provider/vendor/laravel/framework/src/Illuminate/Foundation/Http/Kernel.php(175): Illuminate/Pipeline/Pipeline->then(Object(Closure))
#56 D:/nintis/Package-Provider/vendor/laravel/framework/src/Illuminate/Foundation/Http/Kernel.php(144): Illuminate/Foundation/Http/Kernel->sendRequestThroughRouter(Object(Illuminate/Http/Request))
#57 D:/nintis/Package-Provider/vendor/laravel/framework/src/Illuminate/Foundation/Application.php(1220): Illuminate/Foundation/Http/Kernel->handle(Object(Illuminate/Http/Request))
#58 D:/nintis/Package-Provider/public/index.php(20): Illuminate/Foundation/Application->handleRequest(Object(Illuminate/Http/Request))
#59 D:/nintis/Package-Provider/vendor/laravel/framework/src/Illuminate/Foundation/resources/server.php(23): require_once('D://nintis//Packa...')
#60 {main}
"} 
[2026-05-12 16:17:08] local.ERROR: Target class [NIN\RequestLogAnalyzer\Database\Seeders\RequestLogAnalyzerTestDataSeeder] does not exist. {"exception":"[object] (Illuminate\\Contracts\\Container\\BindingResolutionException(code: 0): Target class [NIN\\RequestLogAnalyzer\\Database\\Seeders\\RequestLogAnalyzerTestDataSeeder] does not exist. at D:/nintis/Package-Provider/vendor/laravel/framework/src/Illuminate/Container/Container.php:1127)
[stacktrace]
#0 D:/nintis/Package-Provider/vendor/laravel/framework/src/Illuminate/Container/Container.php(936): Illuminate/Container/Container->build('NIN//RequestLogA...')
#1 D:/nintis/Package-Provider/vendor/laravel/framework/src/Illuminate/Foundation/Application.php(1078): Illuminate/Container/Container->resolve('NIN//RequestLogA...', Array, true)
#2 D:/nintis/Package-Provider/vendor/laravel/framework/src/Illuminate/Container/Container.php(864): Illuminate/Foundation/Application->resolve('NIN//RequestLogA...', Array)
#3 D:/nintis/Package-Provider/vendor/laravel/framework/src/Illuminate/Foundation/Application.php(1058): Illuminate/Container/Container->make('NIN//RequestLogA...', Array)
#4 D:/nintis/Package-Provider/vendor/laravel/framework/src/Illuminate/Database/Console/Seeds/SeedCommand.php(99): Illuminate/Foundation/Application->make('NIN//RequestLogA...')
#5 D:/nintis/Package-Provider/vendor/laravel/framework/src/Illuminate/Database/Console/Seeds/SeedCommand.php(71): Illuminate/Database/Console/Seeds/SeedCommand->getSeeder()
#6 D:/nintis/Package-Provider/vendor/laravel/framework/src/Illuminate/Database/Eloquent/Concerns/GuardsAttributes.php(183): Illuminate/Database/Console/Seeds/SeedCommand->{closure:Illuminate/Database/Console/Seeds/SeedCommand::handle():70}()
#7 D:/nintis/Package-Provider/vendor/laravel/framework/src/Illuminate/Database/Console/Seeds/SeedCommand.php(70): Illuminate/Database/Eloquent/Model::unguarded(Object(Closure))
#8 D:/nintis/Package-Provider/vendor/laravel/framework/src/Illuminate/Container/BoundMethod.php(36): Illuminate/Database/Console/Seeds/SeedCommand->handle()
#9 D:/nintis/Package-Provider/vendor/laravel/framework/src/Illuminate/Container/Util.php(43): Illuminate/Container/BoundMethod::{closure:Illuminate/Container/BoundMethod::call():35}()
#10 D:/nintis/Package-Provider/vendor/laravel/framework/src/Illuminate/Container/BoundMethod.php(96): Illuminate/Container/Util::unwrapIfClosure(Object(Closure))
#11 D:/nintis/Package-Provider/vendor/laravel/framework/src/Illuminate/Container/BoundMethod.php(35): Illuminate/Container/BoundMethod::callBoundMethod(Object(Illuminate/Foundation/Application), Array, Object(Closure))
#12 D:/nintis/Package-Provider/vendor/laravel/framework/src/Illuminate/Container/Container.php(799): Illuminate/Container/BoundMethod::call(Object(Illuminate/Foundation/Application), Array, Array, NULL)
#13 D:/nintis/Package-Provider/vendor/laravel/framework/src/Illuminate/Console/Command.php(280): Illuminate/Container/Container->call(Array)
#14 D:/nintis/Package-Provider/vendor/symfony/console/Command/Command.php(291): Illuminate/Console/Command->execute(Object(Symfony/Component/Console/Input/ArgvInput), Object(Illuminate/Console/OutputStyle))
#15 D:/nintis/Package-Provider/vendor/laravel/framework/src/Illuminate/Console/Command.php(249): Symfony/Component/Console/Command/Command->run(Object(Symfony/Component/Console/Input/ArgvInput), Object(Illuminate/Console/OutputStyle))
#16 D:/nintis/Package-Provider/vendor/symfony/console/Application.php(1107): Illuminate/Console/Command->run(Object(Symfony/Component/Console/Input/ArgvInput), Object(Symfony/Component/Console/Output/ConsoleOutput))
#17 D:/nintis/Package-Provider/vendor/symfony/console/Application.php(356): Symfony/Component/Console/Application->doRunCommand(Object(Illuminate/Database/Console/Seeds/SeedCommand), Object(Symfony/Component/Console/Input/ArgvInput), Object(Symfony/Component/Console/Output/ConsoleOutput))
#18 D:/nintis/Package-Provider/vendor/symfony/console/Application.php(195): Symfony/Component/Console/Application->doRun(Object(Symfony/Component/Console/Input/ArgvInput), Object(Symfony/Component/Console/Output/ConsoleOutput))
#19 D:/nintis/Package-Provider/vendor/laravel/framework/src/Illuminate/Foundation/Console/Kernel.php(198): Symfony/Component/Console/Application->run(Object(Symfony/Component/Console/Input/ArgvInput), Object(Symfony/Component/Console/Output/ConsoleOutput))
#20 D:/nintis/Package-Provider/vendor/laravel/framework/src/Illuminate/Foundation/Application.php(1235): Illuminate/Foundation/Console/Kernel->handle(Object(Symfony/Component/Console/Input/ArgvInput), Object(Symfony/Component/Console/Output/ConsoleOutput))
#21 D:/nintis/Package-Provider/artisan(16): Illuminate/Foundation/Application->handleCommand(Object(Symfony/Component/Console/Input/ArgvInput))
#22 {main}

[previous exception] [object] (ReflectionException(code: -1): Class \"NIN\\RequestLogAnalyzer\\Database\\Seeders\\RequestLogAnalyzerTestDataSeeder\" does not exist at D:/nintis/Package-Provider/vendor/laravel/framework/src/Illuminate/Container/Container.php:1125)
[stacktrace]
#0 D:/nintis/Package-Provider/vendor/laravel/framework/src/Illuminate/Container/Container.php(1125): ReflectionClass->__construct('NIN//RequestLogA...')
#1 D:/nintis/Package-Provider/vendor/laravel/framework/src/Illuminate/Container/Container.php(936): Illuminate/Container/Container->build('NIN//RequestLogA...')
#2 D:/nintis/Package-Provider/vendor/laravel/framework/src/Illuminate/Foundation/Application.php(1078): Illuminate/Container/Container->resolve('NIN//RequestLogA...', Array, true)
#3 D:/nintis/Package-Provider/vendor/laravel/framework/src/Illuminate/Container/Container.php(864): Illuminate/Foundation/Application->resolve('NIN//RequestLogA...', Array)
#4 D:/nintis/Package-Provider/vendor/laravel/framework/src/Illuminate/Foundation/Application.php(1058): Illuminate/Container/Container->make('NIN//RequestLogA...', Array)
#5 D:/nintis/Package-Provider/vendor/laravel/framework/src/Illuminate/Database/Console/Seeds/SeedCommand.php(99): Illuminate/Foundation/Application->make('NIN//RequestLogA...')
#6 D:/nintis/Package-Provider/vendor/laravel/framework/src/Illuminate/Database/Console/Seeds/SeedCommand.php(71): Illuminate/Database/Console/Seeds/SeedCommand->getSeeder()
#7 D:/nintis/Package-Provider/vendor/laravel/framework/src/Illuminate/Database/Eloquent/Concerns/GuardsAttributes.php(183): Illuminate/Database/Console/Seeds/SeedCommand->{closure:Illuminate/Database/Console/Seeds/SeedCommand::handle():70}()
#8 D:/nintis/Package-Provider/vendor/laravel/framework/src/Illuminate/Database/Console/Seeds/SeedCommand.php(70): Illuminate/Database/Eloquent/Model::unguarded(Object(Closure))
#9 D:/nintis/Package-Provider/vendor/laravel/framework/src/Illuminate/Container/BoundMethod.php(36): Illuminate/Database/Console/Seeds/SeedCommand->handle()
#10 D:/nintis/Package-Provider/vendor/laravel/framework/src/Illuminate/Container/Util.php(43): Illuminate/Container/BoundMethod::{closure:Illuminate/Container/BoundMethod::call():35}()
#11 D:/nintis/Package-Provider/vendor/laravel/framework/src/Illuminate/Container/BoundMethod.php(96): Illuminate/Container/Util::unwrapIfClosure(Object(Closure))
#12 D:/nintis/Package-Provider/vendor/laravel/framework/src/Illuminate/Container/BoundMethod.php(35): Illuminate/Container/BoundMethod::callBoundMethod(Object(Illuminate/Foundation/Application), Array, Object(Closure))
#13 D:/nintis/Package-Provider/vendor/laravel/framework/src/Illuminate/Container/Container.php(799): Illuminate/Container/BoundMethod::call(Object(Illuminate/Foundation/Application), Array, Array, NULL)
#14 D:/nintis/Package-Provider/vendor/laravel/framework/src/Illuminate/Console/Command.php(280): Illuminate/Container/Container->call(Array)
#15 D:/nintis/Package-Provider/vendor/symfony/console/Command/Command.php(291): Illuminate/Console/Command->execute(Object(Symfony/Component/Console/Input/ArgvInput), Object(Illuminate/Console/OutputStyle))
#16 D:/nintis/Package-Provider/vendor/laravel/framework/src/Illuminate/Console/Command.php(249): Symfony/Component/Console/Command/Command->run(Object(Symfony/Component/Console/Input/ArgvInput), Object(Illuminate/Console/OutputStyle))
#17 D:/nintis/Package-Provider/vendor/symfony/console/Application.php(1107): Illuminate/Console/Command->run(Object(Symfony/Component/Console/Input/ArgvInput), Object(Symfony/Component/Console/Output/ConsoleOutput))
#18 D:/nintis/Package-Provider/vendor/symfony/console/Application.php(356): Symfony/Component/Console/Application->doRunCommand(Object(Illuminate/Database/Console/Seeds/SeedCommand), Object(Symfony/Component/Console/Input/ArgvInput), Object(Symfony/Component/Console/Output/ConsoleOutput))
#19 D:/nintis/Package-Provider/vendor/symfony/console/Application.php(195): Symfony/Component/Console/Application->doRun(Object(Symfony/Component/Console/Input/ArgvInput), Object(Symfony/Component/Console/Output/ConsoleOutput))
#20 D:/nintis/Package-Provider/vendor/laravel/framework/src/Illuminate/Foundation/Console/Kernel.php(198): Symfony/Component/Console/Application->run(Object(Symfony/Component/Console/Input/ArgvInput), Object(Symfony/Component/Console/Output/ConsoleOutput))
#21 D:/nintis/Package-Provider/vendor/laravel/framework/src/Illuminate/Foundation/Application.php(1235): Illuminate/Foundation/Console/Kernel->handle(Object(Symfony/Component/Console/Input/ArgvInput), Object(Symfony/Component/Console/Output/ConsoleOutput))
#22 D:/nintis/Package-Provider/artisan(16): Illuminate/Foundation/Application->handleCommand(Object(Symfony/Component/Console/Input/ArgvInput))
#23 {main}
"} 
[2026-05-13 04:53:44] local.ERROR: NIN\RequestLogAnalyzer\Models\RequestReplay::getSafeHeaders(): Return value must be of type array, string returned (View: D:\nintis\Package-Provider\packages\NIN\RequestLogAnalyzer\resources\views\replay\show.blade.php) {"exception":"[object] (Illuminate\\View\\ViewException(code: 0): NIN\\RequestLogAnalyzer\\Models\\RequestReplay::getSafeHeaders(): Return value must be of type array, string returned (View: D:\\nintis\\Package-Provider\\packages\\NIN\\RequestLogAnalyzer\\resources\\views\\replay\\show.blade.php) at D:/nintis/Package-Provider/packages/NIN/RequestLogAnalyzer/src/Models/RequestReplay.php:127)
[stacktrace]
#0 D:/nintis/Package-Provider/vendor/laravel/framework/src/Illuminate/View/Engines/PhpEngine.php(59): Illuminate/View/Engines/CompilerEngine->handleViewException(Object(TypeError), 1)
#1 D:/nintis/Package-Provider/vendor/laravel/framework/src/Illuminate/View/Engines/CompilerEngine.php(76): Illuminate/View/Engines/PhpEngine->evaluatePath('D://nintis//Packa...', Array)
#2 D:/nintis/Package-Provider/vendor/laravel/framework/src/Illuminate/View/View.php(208): Illuminate/View/Engines/CompilerEngine->get('D://nintis//Packa...', Array)
#3 D:/nintis/Package-Provider/vendor/laravel/framework/src/Illuminate/View/View.php(191): Illuminate/View/View->getContents()
#4 D:/nintis/Package-Provider/vendor/laravel/framework/src/Illuminate/View/View.php(160): Illuminate/View/View->renderContents()
#5 D:/nintis/Package-Provider/vendor/laravel/framework/src/Illuminate/Http/Response.php(78): Illuminate/View/View->render()
#6 D:/nintis/Package-Provider/vendor/laravel/framework/src/Illuminate/Http/Response.php(34): Illuminate/Http/Response->setContent(Object(Illuminate/View/View))
#7 D:/nintis/Package-Provider/vendor/laravel/framework/src/Illuminate/Routing/Router.php(939): Illuminate/Http/Response->__construct(Object(Illuminate/View/View), 200, Array)
#8 D:/nintis/Package-Provider/vendor/laravel/framework/src/Illuminate/Routing/Router.php(906): Illuminate/Routing/Router::toResponse(Object(Illuminate/Http/Request), Object(Illuminate/View/View))
#9 D:/nintis/Package-Provider/vendor/laravel/framework/src/Illuminate/Routing/Router.php(821): Illuminate/Routing/Router->prepareResponse(Object(Illuminate/Http/Request), Object(Illuminate/View/View))
#10 D:/nintis/Package-Provider/vendor/laravel/framework/src/Illuminate/Pipeline/Pipeline.php(180): Illuminate/Routing/Router->{closure:Illuminate/Routing/Router::runRouteWithinStack():821}(Object(Illuminate/Http/Request))
#11 D:/nintis/Package-Provider/vendor/laravel/framework/src/Illuminate/Routing/Middleware/SubstituteBindings.php(52): Illuminate/Pipeline/Pipeline->{closure:Illuminate/Pipeline/Pipeline::prepareDestination():178}(Object(Illuminate/Http/Request))
#12 D:/nintis/Package-Provider/vendor/laravel/framework/src/Illuminate/Pipeline/Pipeline.php(219): Illuminate/Routing/Middleware/SubstituteBindings->handle(Object(Illuminate/Http/Request), Object(Closure))
#13 D:/nintis/Package-Provider/vendor/laravel/framework/src/Illuminate/Foundation/Http/Middleware/PreventRequestForgery.php(104): Illuminate/Pipeline/Pipeline->{closure:{closure:Illuminate/Pipeline/Pipeline::carry():194}:195}(Object(Illuminate/Http/Request))
#14 D:/nintis/Package-Provider/vendor/laravel/framework/src/Illuminate/Pipeline/Pipeline.php(219): Illuminate/Foundation/Http/Middleware/PreventRequestForgery->handle(Object(Illuminate/Http/Request), Object(Closure))
#15 D:/nintis/Package-Provider/vendor/laravel/framework/src/Illuminate/View/Middleware/ShareErrorsFromSession.php(48): Illuminate/Pipeline/Pipeline->{closure:{closure:Illuminate/Pipeline/Pipeline::carry():194}:195}(Object(Illuminate/Http/Request))
#16 D:/nintis/Package-Provider/vendor/laravel/framework/src/Illuminate/Pipeline/Pipeline.php(219): Illuminate/View/Middleware/ShareErrorsFromSession->handle(Object(Illuminate/Http/Request), Object(Closure))
#17 D:/nintis/Package-Provider/vendor/laravel/framework/src/Illuminate/Session/Middleware/StartSession.php(120): Illuminate/Pipeline/Pipeline->{closure:{closure:Illuminate/Pipeline/Pipeline::carry():194}:195}(Object(Illuminate/Http/Request))
#18 D:/nintis/Package-Provider/vendor/laravel/framework/src/Illuminate/Session/Middleware/StartSession.php(63): Illuminate/Session/Middleware/StartSession->handleStatefulRequest(Object(Illuminate/Http/Request), Object(Illuminate/Session/Store), Object(Closure))
#19 D:/nintis/Package-Provider/vendor/laravel/framework/src/Illuminate/Pipeline/Pipeline.php(219): Illuminate/Session/Middleware/StartSession->handle(Object(Illuminate/Http/Request), Object(Closure))
#20 D:/nintis/Package-Provider/vendor/laravel/framework/src/Illuminate/Cookie/Middleware/AddQueuedCookiesToResponse.php(36): Illuminate/Pipeline/Pipeline->{closure:{closure:Illuminate/Pipeline/Pipeline::carry():194}:195}(Object(Illuminate/Http/Request))
#21 D:/nintis/Package-Provider/vendor/laravel/framework/src/Illuminate/Pipeline/Pipeline.php(219): Illuminate/Cookie/Middleware/AddQueuedCookiesToResponse->handle(Object(Illuminate/Http/Request), Object(Closure))
#22 D:/nintis/Package-Provider/vendor/laravel/framework/src/Illuminate/Cookie/Middleware/EncryptCookies.php(74): Illuminate/Pipeline/Pipeline->{closure:{closure:Illuminate/Pipeline/Pipeline::carry():194}:195}(Object(Illuminate/Http/Request))
#23 D:/nintis/Package-Provider/vendor/laravel/framework/src/Illuminate/Pipeline/Pipeline.php(219): Illuminate/Cookie/Middleware/EncryptCookies->handle(Object(Illuminate/Http/Request), Object(Closure))
#24 D:/nintis/Package-Provider/vendor/laravel/framework/src/Illuminate/Pipeline/Pipeline.php(137): Illuminate/Pipeline/Pipeline->{closure:{closure:Illuminate/Pipeline/Pipeline::carry():194}:195}(Object(Illuminate/Http/Request))
#25 D:/nintis/Package-Provider/vendor/laravel/framework/src/Illuminate/Routing/Router.php(821): Illuminate/Pipeline/Pipeline->then(Object(Closure))
#26 D:/nintis/Package-Provider/vendor/laravel/framework/src/Illuminate/Routing/Router.php(800): Illuminate/Routing/Router->runRouteWithinStack(Object(Illuminate/Routing/Route), Object(Illuminate/Http/Request))
#27 D:/nintis/Package-Provider/vendor/laravel/framework/src/Illuminate/Routing/Router.php(764): Illuminate/Routing/Router->runRoute(Object(Illuminate/Http/Request), Object(Illuminate/Routing/Route))
#28 D:/nintis/Package-Provider/vendor/laravel/framework/src/Illuminate/Routing/Router.php(753): Illuminate/Routing/Router->dispatchToRoute(Object(Illuminate/Http/Request))
#29 D:/nintis/Package-Provider/vendor/laravel/framework/src/Illuminate/Foundation/Http/Kernel.php(200): Illuminate/Routing/Router->dispatch(Object(Illuminate/Http/Request))
#30 D:/nintis/Package-Provider/vendor/laravel/framework/src/Illuminate/Pipeline/Pipeline.php(180): Illuminate/Foundation/Http/Kernel->{closure:Illuminate/Foundation/Http/Kernel::dispatchToRouter():197}(Object(Illuminate/Http/Request))
#31 D:/nintis/Package-Provider/packages/NIN/RequestLogAnalyzer/src/Http/Middleware/TrackRequest.php(102): Illuminate/Pipeline/Pipeline->{closure:Illuminate/Pipeline/Pipeline::prepareDestination():178}(Object(Illuminate/Http/Request))
#32 D:/nintis/Package-Provider/vendor/laravel/framework/src/Illuminate/Pipeline/Pipeline.php(219): NIN/RequestLogAnalyzer/Http/Middleware/TrackRequest->handle(Object(Illuminate/Http/Request), Object(Closure))
#33 D:/nintis/Package-Provider/vendor/laravel/framework/src/Illuminate/Foundation/Http/Middleware/TransformsRequest.php(21): Illuminate/Pipeline/Pipeline->{closure:{closure:Illuminate/Pipeline/Pipeline::carry():194}:195}(Object(Illuminate/Http/Request))
#34 D:/nintis/Package-Provider/vendor/laravel/framework/src/Illuminate/Foundation/Http/Middleware/ConvertEmptyStringsToNull.php(31): Illuminate/Foundation/Http/Middleware/TransformsRequest->handle(Object(Illuminate/Http/Request), Object(Closure))
#35 D:/nintis/Package-Provider/vendor/laravel/framework/src/Illuminate/Pipeline/Pipeline.php(219): Illuminate/Foundation/Http/Middleware/ConvertEmptyStringsToNull->handle(Object(Illuminate/Http/Request), Object(Closure))
#36 D:/nintis/Package-Provider/vendor/laravel/framework/src/Illuminate/Foundation/Http/Middleware/TransformsRequest.php(21): Illuminate/Pipeline/Pipeline->{closure:{closure:Illuminate/Pipeline/Pipeline::carry():194}:195}(Object(Illuminate/Http/Request))
#37 D:/nintis/Package-Provider/vendor/laravel/framework/src/Illuminate/Foundation/Http/Middleware/TrimStrings.php(51): Illuminate/Foundation/Http/Middleware/TransformsRequest->handle(Object(Illuminate/Http/Request), Object(Closure))
#38 D:/nintis/Package-Provider/vendor/laravel/framework/src/Illuminate/Pipeline/Pipeline.php(219): Illuminate/Foundation/Http/Middleware/TrimStrings->handle(Object(Illuminate/Http/Request), Object(Closure))
#39 D:/nintis/Package-Provider/vendor/laravel/framework/src/Illuminate/Http/Middleware/ValidatePostSize.php(27): Illuminate/Pipeline/Pipeline->{closure:{closure:Illuminate/Pipeline/Pipeline::carry():194}:195}(Object(Illuminate/Http/Request))
#40 D:/nintis/Package-Provider/vendor/laravel/framework/src/Illuminate/Pipeline/Pipeline.php(219): Illuminate/Http/Middleware/ValidatePostSize->handle(Object(Illuminate/Http/Request), Object(Closure))
#41 D:/nintis/Package-Provider/vendor/laravel/framework/src/Illuminate/Foundation/Http/Middleware/PreventRequestsDuringMaintenance.php(109): Illuminate/Pipeline/Pipeline->{closure:{closure:Illuminate/Pipeline/Pipeline::carry():194}:195}(Object(Illuminate/Http/Request))
#42 D:/nintis/Package-Provider/vendor/laravel/framework/src/Illuminate/Pipeline/Pipeline.php(219): Illuminate/Foundation/Http/Middleware/PreventRequestsDuringMaintenance->handle(Object(Illuminate/Http/Request), Object(Closure))
#43 D:/nintis/Package-Provider/vendor/laravel/framework/src/Illuminate/Http/Middleware/HandleCors.php(61): Illuminate/Pipeline/Pipeline->{closure:{closure:Illuminate/Pipeline/Pipeline::carry():194}:195}(Object(Illuminate/Http/Request))
#44 D:/nintis/Package-Provider/vendor/laravel/framework/src/Illuminate/Pipeline/Pipeline.php(219): Illuminate/Http/Middleware/HandleCors->handle(Object(Illuminate/Http/Request), Object(Closure))
#45 D:/nintis/Package-Provider/vendor/laravel/framework/src/Illuminate/Http/Middleware/TrustProxies.php(58): Illuminate/Pipeline/Pipeline->{closure:{closure:Illuminate/Pipeline/Pipeline::carry():194}:195}(Object(Illuminate/Http/Request))
#46 D:/nintis/Package-Provider/vendor/laravel/framework/src/Illuminate/Pipeline/Pipeline.php(219): Illuminate/Http/Middleware/TrustProxies->handle(Object(Illuminate/Http/Request), Object(Closure))
#47 D:/nintis/Package-Provider/vendor/laravel/framework/src/Illuminate/Foundation/Http/Middleware/InvokeDeferredCallbacks.php(22): Illuminate/Pipeline/Pipeline->{closure:{closure:Illuminate/Pipeline/Pipeline::carry():194}:195}(Object(Illuminate/Http/Request))
#48 D:/nintis/Package-Provider/vendor/laravel/framework/src/Illuminate/Pipeline/Pipeline.php(219): Illuminate/Foundation/Http/Middleware/InvokeDeferredCallbacks->handle(Object(Illuminate/Http/Request), Object(Closure))
#49 D:/nintis/Package-Provider/vendor/laravel/framework/src/Illuminate/Http/Middleware/ValidatePathEncoding.php(28): Illuminate/Pipeline/Pipeline->{closure:{closure:Illuminate/Pipeline/Pipeline::carry():194}:195}(Object(Illuminate/Http/Request))
#50 D:/nintis/Package-Provider/vendor/laravel/framework/src/Illuminate/Pipeline/Pipeline.php(219): Illuminate/Http/Middleware/ValidatePathEncoding->handle(Object(Illuminate/Http/Request), Object(Closure))
#51 D:/nintis/Package-Provider/vendor/laravel/framework/src/Illuminate/Pipeline/Pipeline.php(137): Illuminate/Pipeline/Pipeline->{closure:{closure:Illuminate/Pipeline/Pipeline::carry():194}:195}(Object(Illuminate/Http/Request))
#52 D:/nintis/Package-Provider/vendor/laravel/framework/src/Illuminate/Foundation/Http/Kernel.php(175): Illuminate/Pipeline/Pipeline->then(Object(Closure))
#53 D:/nintis/Package-Provider/vendor/laravel/framework/src/Illuminate/Foundation/Http/Kernel.php(144): Illuminate/Foundation/Http/Kernel->sendRequestThroughRouter(Object(Illuminate/Http/Request))
#54 D:/nintis/Package-Provider/vendor/laravel/framework/src/Illuminate/Foundation/Application.php(1220): Illuminate/Foundation/Http/Kernel->handle(Object(Illuminate/Http/Request))
#55 D:/nintis/Package-Provider/public/index.php(20): Illuminate/Foundation/Application->handleRequest(Object(Illuminate/Http/Request))
#56 D:/nintis/Package-Provider/vendor/laravel/framework/src/Illuminate/Foundation/resources/server.php(23): require_once('D://nintis//Packa...')
#57 {main}

[previous exception] [object] (TypeError(code: 0): NIN\\RequestLogAnalyzer\\Models\\RequestReplay::getSafeHeaders(): Return value must be of type array, string returned at D:/nintis/Package-Provider/packages/NIN/RequestLogAnalyzer/src/Models/RequestReplay.php:127)
[stacktrace]
#0 D:/nintis/Package-Provider/storage/framework/views/a4e6d00200ef323068b3230746d8642f.php(161): NIN/RequestLogAnalyzer/Models/RequestReplay->getSafeHeaders()
#1 D:/nintis/Package-Provider/vendor/laravel/framework/src/Illuminate/Filesystem/Filesystem.php(123): require('D://nintis//Packa...')
#2 D:/nintis/Package-Provider/vendor/laravel/framework/src/Illuminate/Filesystem/Filesystem.php(124): Illuminate/Filesystem/Filesystem::{closure:Illuminate/Filesystem/Filesystem::getRequire():120}()
#3 D:/nintis/Package-Provider/vendor/laravel/framework/src/Illuminate/View/Engines/PhpEngine.php(57): Illuminate/Filesystem/Filesystem->getRequire('D://nintis//Packa...', Array)
#4 D:/nintis/Package-Provider/vendor/laravel/framework/src/Illuminate/View/Engines/CompilerEngine.php(76): Illuminate/View/Engines/PhpEngine->evaluatePath('D://nintis//Packa...', Array)
#5 D:/nintis/Package-Provider/vendor/laravel/framework/src/Illuminate/View/View.php(208): Illuminate/View/Engines/CompilerEngine->get('D://nintis//Packa...', Array)
#6 D:/nintis/Package-Provider/vendor/laravel/framework/src/Illuminate/View/View.php(191): Illuminate/View/View->getContents()
#7 D:/nintis/Package-Provider/vendor/laravel/framework/src/Illuminate/View/View.php(160): Illuminate/View/View->renderContents()
#8 D:/nintis/Package-Provider/vendor/laravel/framework/src/Illuminate/Http/Response.php(78): Illuminate/View/View->render()
#9 D:/nintis/Package-Provider/vendor/laravel/framework/src/Illuminate/Http/Response.php(34): Illuminate/Http/Response->setContent(Object(Illuminate/View/View))
#10 D:/nintis/Package-Provider/vendor/laravel/framework/src/Illuminate/Routing/Router.php(939): Illuminate/Http/Response->__construct(Object(Illuminate/View/View), 200, Array)
#11 D:/nintis/Package-Provider/vendor/laravel/framework/src/Illuminate/Routing/Router.php(906): Illuminate/Routing/Router::toResponse(Object(Illuminate/Http/Request), Object(Illuminate/View/View))
#12 D:/nintis/Package-Provider/vendor/laravel/framework/src/Illuminate/Routing/Router.php(821): Illuminate/Routing/Router->prepareResponse(Object(Illuminate/Http/Request), Object(Illuminate/View/View))
#13 D:/nintis/Package-Provider/vendor/laravel/framework/src/Illuminate/Pipeline/Pipeline.php(180): Illuminate/Routing/Router->{closure:Illuminate/Routing/Router::runRouteWithinStack():821}(Object(Illuminate/Http/Request))
#14 D:/nintis/Package-Provider/vendor/laravel/framework/src/Illuminate/Routing/Middleware/SubstituteBindings.php(52): Illuminate/Pipeline/Pipeline->{closure:Illuminate/Pipeline/Pipeline::prepareDestination():178}(Object(Illuminate/Http/Request))
#15 D:/nintis/Package-Provider/vendor/laravel/framework/src/Illuminate/Pipeline/Pipeline.php(219): Illuminate/Routing/Middleware/SubstituteBindings->handle(Object(Illuminate/Http/Request), Object(Closure))
#16 D:/nintis/Package-Provider/vendor/laravel/framework/src/Illuminate/Foundation/Http/Middleware/PreventRequestForgery.php(104): Illuminate/Pipeline/Pipeline->{closure:{closure:Illuminate/Pipeline/Pipeline::carry():194}:195}(Object(Illuminate/Http/Request))
#17 D:/nintis/Package-Provider/vendor/laravel/framework/src/Illuminate/Pipeline/Pipeline.php(219): Illuminate/Foundation/Http/Middleware/PreventRequestForgery->handle(Object(Illuminate/Http/Request), Object(Closure))
#18 D:/nintis/Package-Provider/vendor/laravel/framework/src/Illuminate/View/Middleware/ShareErrorsFromSession.php(48): Illuminate/Pipeline/Pipeline->{closure:{closure:Illuminate/Pipeline/Pipeline::carry():194}:195}(Object(Illuminate/Http/Request))
#19 D:/nintis/Package-Provider/vendor/laravel/framework/src/Illuminate/Pipeline/Pipeline.php(219): Illuminate/View/Middleware/ShareErrorsFromSession->handle(Object(Illuminate/Http/Request), Object(Closure))
#20 D:/nintis/Package-Provider/vendor/laravel/framework/src/Illuminate/Session/Middleware/StartSession.php(120): Illuminate/Pipeline/Pipeline->{closure:{closure:Illuminate/Pipeline/Pipeline::carry():194}:195}(Object(Illuminate/Http/Request))
#21 D:/nintis/Package-Provider/vendor/laravel/framework/src/Illuminate/Session/Middleware/StartSession.php(63): Illuminate/Session/Middleware/StartSession->handleStatefulRequest(Object(Illuminate/Http/Request), Object(Illuminate/Session/Store), Object(Closure))
#22 D:/nintis/Package-Provider/vendor/laravel/framework/src/Illuminate/Pipeline/Pipeline.php(219): Illuminate/Session/Middleware/StartSession->handle(Object(Illuminate/Http/Request), Object(Closure))
#23 D:/nintis/Package-Provider/vendor/laravel/framework/src/Illuminate/Cookie/Middleware/AddQueuedCookiesToResponse.php(36): Illuminate/Pipeline/Pipeline->{closure:{closure:Illuminate/Pipeline/Pipeline::carry():194}:195}(Object(Illuminate/Http/Request))
#24 D:/nintis/Package-Provider/vendor/laravel/framework/src/Illuminate/Pipeline/Pipeline.php(219): Illuminate/Cookie/Middleware/AddQueuedCookiesToResponse->handle(Object(Illuminate/Http/Request), Object(Closure))
#25 D:/nintis/Package-Provider/vendor/laravel/framework/src/Illuminate/Cookie/Middleware/EncryptCookies.php(74): Illuminate/Pipeline/Pipeline->{closure:{closure:Illuminate/Pipeline/Pipeline::carry():194}:195}(Object(Illuminate/Http/Request))
#26 D:/nintis/Package-Provider/vendor/laravel/framework/src/Illuminate/Pipeline/Pipeline.php(219): Illuminate/Cookie/Middleware/EncryptCookies->handle(Object(Illuminate/Http/Request), Object(Closure))
#27 D:/nintis/Package-Provider/vendor/laravel/framework/src/Illuminate/Pipeline/Pipeline.php(137): Illuminate/Pipeline/Pipeline->{closure:{closure:Illuminate/Pipeline/Pipeline::carry():194}:195}(Object(Illuminate/Http/Request))
#28 D:/nintis/Package-Provider/vendor/laravel/framework/src/Illuminate/Routing/Router.php(821): Illuminate/Pipeline/Pipeline->then(Object(Closure))
#29 D:/nintis/Package-Provider/vendor/laravel/framework/src/Illuminate/Routing/Router.php(800): Illuminate/Routing/Router->runRouteWithinStack(Object(Illuminate/Routing/Route), Object(Illuminate/Http/Request))
#30 D:/nintis/Package-Provider/vendor/laravel/framework/src/Illuminate/Routing/Router.php(764): Illuminate/Routing/Router->runRoute(Object(Illuminate/Http/Request), Object(Illuminate/Routing/Route))
#31 D:/nintis/Package-Provider/vendor/laravel/framework/src/Illuminate/Routing/Router.php(753): Illuminate/Routing/Router->dispatchToRoute(Object(Illuminate/Http/Request))
#32 D:/nintis/Package-Provider/vendor/laravel/framework/src/Illuminate/Foundation/Http/Kernel.php(200): Illuminate/Routing/Router->dispatch(Object(Illuminate/Http/Request))
#33 D:/nintis/Package-Provider/vendor/laravel/framework/src/Illuminate/Pipeline/Pipeline.php(180): Illuminate/Foundation/Http/Kernel->{closure:Illuminate/Foundation/Http/Kernel::dispatchToRouter():197}(Object(Illuminate/Http/Request))
#34 D:/nintis/Package-Provider/packages/NIN/RequestLogAnalyzer/src/Http/Middleware/TrackRequest.php(102): Illuminate/Pipeline/Pipeline->{closure:Illuminate/Pipeline/Pipeline::prepareDestination():178}(Object(Illuminate/Http/Request))
#35 D:/nintis/Package-Provider/vendor/laravel/framework/src/Illuminate/Pipeline/Pipeline.php(219): NIN/RequestLogAnalyzer/Http/Middleware/TrackRequest->handle(Object(Illuminate/Http/Request), Object(Closure))
#36 D:/nintis/Package-Provider/vendor/laravel/framework/src/Illuminate/Foundation/Http/Middleware/TransformsRequest.php(21): Illuminate/Pipeline/Pipeline->{closure:{closure:Illuminate/Pipeline/Pipeline::carry():194}:195}(Object(Illuminate/Http/Request))
#37 D:/nintis/Package-Provider/vendor/laravel/framework/src/Illuminate/Foundation/Http/Middleware/ConvertEmptyStringsToNull.php(31): Illuminate/Foundation/Http/Middleware/TransformsRequest->handle(Object(Illuminate/Http/Request), Object(Closure))
#38 D:/nintis/Package-Provider/vendor/laravel/framework/src/Illuminate/Pipeline/Pipeline.php(219): Illuminate/Foundation/Http/Middleware/ConvertEmptyStringsToNull->handle(Object(Illuminate/Http/Request), Object(Closure))
#39 D:/nintis/Package-Provider/vendor/laravel/framework/src/Illuminate/Foundation/Http/Middleware/TransformsRequest.php(21): Illuminate/Pipeline/Pipeline->{closure:{closure:Illuminate/Pipeline/Pipeline::carry():194}:195}(Object(Illuminate/Http/Request))
#40 D:/nintis/Package-Provider/vendor/laravel/framework/src/Illuminate/Foundation/Http/Middleware/TrimStrings.php(51): Illuminate/Foundation/Http/Middleware/TransformsRequest->handle(Object(Illuminate/Http/Request), Object(Closure))
#41 D:/nintis/Package-Provider/vendor/laravel/framework/src/Illuminate/Pipeline/Pipeline.php(219): Illuminate/Foundation/Http/Middleware/TrimStrings->handle(Object(Illuminate/Http/Request), Object(Closure))
#42 D:/nintis/Package-Provider/vendor/laravel/framework/src/Illuminate/Http/Middleware/ValidatePostSize.php(27): Illuminate/Pipeline/Pipeline->{closure:{closure:Illuminate/Pipeline/Pipeline::carry():194}:195}(Object(Illuminate/Http/Request))
#43 D:/nintis/Package-Provider/vendor/laravel/framework/src/Illuminate/Pipeline/Pipeline.php(219): Illuminate/Http/Middleware/ValidatePostSize->handle(Object(Illuminate/Http/Request), Object(Closure))
#44 D:/nintis/Package-Provider/vendor/laravel/framework/src/Illuminate/Foundation/Http/Middleware/PreventRequestsDuringMaintenance.php(109): Illuminate/Pipeline/Pipeline->{closure:{closure:Illuminate/Pipeline/Pipeline::carry():194}:195}(Object(Illuminate/Http/Request))
#45 D:/nintis/Package-Provider/vendor/laravel/framework/src/Illuminate/Pipeline/Pipeline.php(219): Illuminate/Foundation/Http/Middleware/PreventRequestsDuringMaintenance->handle(Object(Illuminate/Http/Request), Object(Closure))
#46 D:/nintis/Package-Provider/vendor/laravel/framework/src/Illuminate/Http/Middleware/HandleCors.php(61): Illuminate/Pipeline/Pipeline->{closure:{closure:Illuminate/Pipeline/Pipeline::carry():194}:195}(Object(Illuminate/Http/Request))
#47 D:/nintis/Package-Provider/vendor/laravel/framework/src/Illuminate/Pipeline/Pipeline.php(219): Illuminate/Http/Middleware/HandleCors->handle(Object(Illuminate/Http/Request), Object(Closure))
#48 D:/nintis/Package-Provider/vendor/laravel/framework/src/Illuminate/Http/Middleware/TrustProxies.php(58): Illuminate/Pipeline/Pipeline->{closure:{closure:Illuminate/Pipeline/Pipeline::carry():194}:195}(Object(Illuminate/Http/Request))
#49 D:/nintis/Package-Provider/vendor/laravel/framework/src/Illuminate/Pipeline/Pipeline.php(219): Illuminate/Http/Middleware/TrustProxies->handle(Object(Illuminate/Http/Request), Object(Closure))
#50 D:/nintis/Package-Provider/vendor/laravel/framework/src/Illuminate/Foundation/Http/Middleware/InvokeDeferredCallbacks.php(22): Illuminate/Pipeline/Pipeline->{closure:{closure:Illuminate/Pipeline/Pipeline::carry():194}:195}(Object(Illuminate/Http/Request))
#51 D:/nintis/Package-Provider/vendor/laravel/framework/src/Illuminate/Pipeline/Pipeline.php(219): Illuminate/Foundation/Http/Middleware/InvokeDeferredCallbacks->handle(Object(Illuminate/Http/Request), Object(Closure))
#52 D:/nintis/Package-Provider/vendor/laravel/framework/src/Illuminate/Http/Middleware/ValidatePathEncoding.php(28): Illuminate/Pipeline/Pipeline->{closure:{closure:Illuminate/Pipeline/Pipeline::carry():194}:195}(Object(Illuminate/Http/Request))
#53 D:/nintis/Package-Provider/vendor/laravel/framework/src/Illuminate/Pipeline/Pipeline.php(219): Illuminate/Http/Middleware/ValidatePathEncoding->handle(Object(Illuminate/Http/Request), Object(Closure))
#54 D:/nintis/Package-Provider/vendor/laravel/framework/src/Illuminate/Pipeline/Pipeline.php(137): Illuminate/Pipeline/Pipeline->{closure:{closure:Illuminate/Pipeline/Pipeline::carry():194}:195}(Object(Illuminate/Http/Request))
#55 D:/nintis/Package-Provider/vendor/laravel/framework/src/Illuminate/Foundation/Http/Kernel.php(175): Illuminate/Pipeline/Pipeline->then(Object(Closure))
#56 D:/nintis/Package-Provider/vendor/laravel/framework/src/Illuminate/Foundation/Http/Kernel.php(144): Illuminate/Foundation/Http/Kernel->sendRequestThroughRouter(Object(Illuminate/Http/Request))
#57 D:/nintis/Package-Provider/vendor/laravel/framework/src/Illuminate/Foundation/Application.php(1220): Illuminate/Foundation/Http/Kernel->handle(Object(Illuminate/Http/Request))
#58 D:/nintis/Package-Provider/public/index.php(20): Illuminate/Foundation/Application->handleRequest(Object(Illuminate/Http/Request))
#59 D:/nintis/Package-Provider/vendor/laravel/framework/src/Illuminate/Foundation/resources/server.php(23): require_once('D://nintis//Packa...')
#60 {main}
"} 
[2026-05-13 04:53:57] local.ERROR: NIN\RequestLogAnalyzer\Models\RequestReplay::getSafeHeaders(): Return value must be of type array, string returned (View: D:\nintis\Package-Provider\packages\NIN\RequestLogAnalyzer\resources\views\replay\show.blade.php) {"exception":"[object] (Illuminate\\View\\ViewException(code: 0): NIN\\RequestLogAnalyzer\\Models\\RequestReplay::getSafeHeaders(): Return value must be of type array, string returned (View: D:\\nintis\\Package-Provider\\packages\\NIN\\RequestLogAnalyzer\\resources\\views\\replay\\show.blade.php) at D:/nintis/Package-Provider/packages/NIN/RequestLogAnalyzer/src/Models/RequestReplay.php:127)
[stacktrace]
#0 D:/nintis/Package-Provider/vendor/laravel/framework/src/Illuminate/View/Engines/PhpEngine.php(59): Illuminate/View/Engines/CompilerEngine->handleViewException(Object(TypeError), 1)
#1 D:/nintis/Package-Provider/vendor/laravel/framework/src/Illuminate/View/Engines/CompilerEngine.php(76): Illuminate/View/Engines/PhpEngine->evaluatePath('D://nintis//Packa...', Array)
#2 D:/nintis/Package-Provider/vendor/laravel/framework/src/Illuminate/View/View.php(208): Illuminate/View/Engines/CompilerEngine->get('D://nintis//Packa...', Array)
#3 D:/nintis/Package-Provider/vendor/laravel/framework/src/Illuminate/View/View.php(191): Illuminate/View/View->getContents()
#4 D:/nintis/Package-Provider/vendor/laravel/framework/src/Illuminate/View/View.php(160): Illuminate/View/View->renderContents()
#5 D:/nintis/Package-Provider/vendor/laravel/framework/src/Illuminate/Http/Response.php(78): Illuminate/View/View->render()
#6 D:/nintis/Package-Provider/vendor/laravel/framework/src/Illuminate/Http/Response.php(34): Illuminate/Http/Response->setContent(Object(Illuminate/View/View))
#7 D:/nintis/Package-Provider/vendor/laravel/framework/src/Illuminate/Routing/Router.php(939): Illuminate/Http/Response->__construct(Object(Illuminate/View/View), 200, Array)
#8 D:/nintis/Package-Provider/vendor/laravel/framework/src/Illuminate/Routing/Router.php(906): Illuminate/Routing/Router::toResponse(Object(Illuminate/Http/Request), Object(Illuminate/View/View))
#9 D:/nintis/Package-Provider/vendor/laravel/framework/src/Illuminate/Routing/Router.php(821): Illuminate/Routing/Router->prepareResponse(Object(Illuminate/Http/Request), Object(Illuminate/View/View))
#10 D:/nintis/Package-Provider/vendor/laravel/framework/src/Illuminate/Pipeline/Pipeline.php(180): Illuminate/Routing/Router->{closure:Illuminate/Routing/Router::runRouteWithinStack():821}(Object(Illuminate/Http/Request))
#11 D:/nintis/Package-Provider/vendor/laravel/framework/src/Illuminate/Routing/Middleware/SubstituteBindings.php(52): Illuminate/Pipeline/Pipeline->{closure:Illuminate/Pipeline/Pipeline::prepareDestination():178}(Object(Illuminate/Http/Request))
#12 D:/nintis/Package-Provider/vendor/laravel/framework/src/Illuminate/Pipeline/Pipeline.php(219): Illuminate/Routing/Middleware/SubstituteBindings->handle(Object(Illuminate/Http/Request), Object(Closure))
#13 D:/nintis/Package-Provider/vendor/laravel/framework/src/Illuminate/Foundation/Http/Middleware/PreventRequestForgery.php(104): Illuminate/Pipeline/Pipeline->{closure:{closure:Illuminate/Pipeline/Pipeline::carry():194}:195}(Object(Illuminate/Http/Request))
#14 D:/nintis/Package-Provider/vendor/laravel/framework/src/Illuminate/Pipeline/Pipeline.php(219): Illuminate/Foundation/Http/Middleware/PreventRequestForgery->handle(Object(Illuminate/Http/Request), Object(Closure))
#15 D:/nintis/Package-Provider/vendor/laravel/framework/src/Illuminate/View/Middleware/ShareErrorsFromSession.php(48): Illuminate/Pipeline/Pipeline->{closure:{closure:Illuminate/Pipeline/Pipeline::carry():194}:195}(Object(Illuminate/Http/Request))
#16 D:/nintis/Package-Provider/vendor/laravel/framework/src/Illuminate/Pipeline/Pipeline.php(219): Illuminate/View/Middleware/ShareErrorsFromSession->handle(Object(Illuminate/Http/Request), Object(Closure))
#17 D:/nintis/Package-Provider/vendor/laravel/framework/src/Illuminate/Session/Middleware/StartSession.php(120): Illuminate/Pipeline/Pipeline->{closure:{closure:Illuminate/Pipeline/Pipeline::carry():194}:195}(Object(Illuminate/Http/Request))
#18 D:/nintis/Package-Provider/vendor/laravel/framework/src/Illuminate/Session/Middleware/StartSession.php(63): Illuminate/Session/Middleware/StartSession->handleStatefulRequest(Object(Illuminate/Http/Request), Object(Illuminate/Session/Store), Object(Closure))
#19 D:/nintis/Package-Provider/vendor/laravel/framework/src/Illuminate/Pipeline/Pipeline.php(219): Illuminate/Session/Middleware/StartSession->handle(Object(Illuminate/Http/Request), Object(Closure))
#20 D:/nintis/Package-Provider/vendor/laravel/framework/src/Illuminate/Cookie/Middleware/AddQueuedCookiesToResponse.php(36): Illuminate/Pipeline/Pipeline->{closure:{closure:Illuminate/Pipeline/Pipeline::carry():194}:195}(Object(Illuminate/Http/Request))
#21 D:/nintis/Package-Provider/vendor/laravel/framework/src/Illuminate/Pipeline/Pipeline.php(219): Illuminate/Cookie/Middleware/AddQueuedCookiesToResponse->handle(Object(Illuminate/Http/Request), Object(Closure))
#22 D:/nintis/Package-Provider/vendor/laravel/framework/src/Illuminate/Cookie/Middleware/EncryptCookies.php(74): Illuminate/Pipeline/Pipeline->{closure:{closure:Illuminate/Pipeline/Pipeline::carry():194}:195}(Object(Illuminate/Http/Request))
#23 D:/nintis/Package-Provider/vendor/laravel/framework/src/Illuminate/Pipeline/Pipeline.php(219): Illuminate/Cookie/Middleware/EncryptCookies->handle(Object(Illuminate/Http/Request), Object(Closure))
#24 D:/nintis/Package-Provider/vendor/laravel/framework/src/Illuminate/Pipeline/Pipeline.php(137): Illuminate/Pipeline/Pipeline->{closure:{closure:Illuminate/Pipeline/Pipeline::carry():194}:195}(Object(Illuminate/Http/Request))
#25 D:/nintis/Package-Provider/vendor/laravel/framework/src/Illuminate/Routing/Router.php(821): Illuminate/Pipeline/Pipeline->then(Object(Closure))
#26 D:/nintis/Package-Provider/vendor/laravel/framework/src/Illuminate/Routing/Router.php(800): Illuminate/Routing/Router->runRouteWithinStack(Object(Illuminate/Routing/Route), Object(Illuminate/Http/Request))
#27 D:/nintis/Package-Provider/vendor/laravel/framework/src/Illuminate/Routing/Router.php(764): Illuminate/Routing/Router->runRoute(Object(Illuminate/Http/Request), Object(Illuminate/Routing/Route))
#28 D:/nintis/Package-Provider/vendor/laravel/framework/src/Illuminate/Routing/Router.php(753): Illuminate/Routing/Router->dispatchToRoute(Object(Illuminate/Http/Request))
#29 D:/nintis/Package-Provider/vendor/laravel/framework/src/Illuminate/Foundation/Http/Kernel.php(200): Illuminate/Routing/Router->dispatch(Object(Illuminate/Http/Request))
#30 D:/nintis/Package-Provider/vendor/laravel/framework/src/Illuminate/Pipeline/Pipeline.php(180): Illuminate/Foundation/Http/Kernel->{closure:Illuminate/Foundation/Http/Kernel::dispatchToRouter():197}(Object(Illuminate/Http/Request))
#31 D:/nintis/Package-Provider/packages/NIN/RequestLogAnalyzer/src/Http/Middleware/TrackRequest.php(102): Illuminate/Pipeline/Pipeline->{closure:Illuminate/Pipeline/Pipeline::prepareDestination():178}(Object(Illuminate/Http/Request))
#32 D:/nintis/Package-Provider/vendor/laravel/framework/src/Illuminate/Pipeline/Pipeline.php(219): NIN/RequestLogAnalyzer/Http/Middleware/TrackRequest->handle(Object(Illuminate/Http/Request), Object(Closure))
#33 D:/nintis/Package-Provider/vendor/laravel/framework/src/Illuminate/Foundation/Http/Middleware/TransformsRequest.php(21): Illuminate/Pipeline/Pipeline->{closure:{closure:Illuminate/Pipeline/Pipeline::carry():194}:195}(Object(Illuminate/Http/Request))
#34 D:/nintis/Package-Provider/vendor/laravel/framework/src/Illuminate/Foundation/Http/Middleware/ConvertEmptyStringsToNull.php(31): Illuminate/Foundation/Http/Middleware/TransformsRequest->handle(Object(Illuminate/Http/Request), Object(Closure))
#35 D:/nintis/Package-Provider/vendor/laravel/framework/src/Illuminate/Pipeline/Pipeline.php(219): Illuminate/Foundation/Http/Middleware/ConvertEmptyStringsToNull->handle(Object(Illuminate/Http/Request), Object(Closure))
#36 D:/nintis/Package-Provider/vendor/laravel/framework/src/Illuminate/Foundation/Http/Middleware/TransformsRequest.php(21): Illuminate/Pipeline/Pipeline->{closure:{closure:Illuminate/Pipeline/Pipeline::carry():194}:195}(Object(Illuminate/Http/Request))
#37 D:/nintis/Package-Provider/vendor/laravel/framework/src/Illuminate/Foundation/Http/Middleware/TrimStrings.php(51): Illuminate/Foundation/Http/Middleware/TransformsRequest->handle(Object(Illuminate/Http/Request), Object(Closure))
#38 D:/nintis/Package-Provider/vendor/laravel/framework/src/Illuminate/Pipeline/Pipeline.php(219): Illuminate/Foundation/Http/Middleware/TrimStrings->handle(Object(Illuminate/Http/Request), Object(Closure))
#39 D:/nintis/Package-Provider/vendor/laravel/framework/src/Illuminate/Http/Middleware/ValidatePostSize.php(27): Illuminate/Pipeline/Pipeline->{closure:{closure:Illuminate/Pipeline/Pipeline::carry():194}:195}(Object(Illuminate/Http/Request))
#40 D:/nintis/Package-Provider/vendor/laravel/framework/src/Illuminate/Pipeline/Pipeline.php(219): Illuminate/Http/Middleware/ValidatePostSize->handle(Object(Illuminate/Http/Request), Object(Closure))
#41 D:/nintis/Package-Provider/vendor/laravel/framework/src/Illuminate/Foundation/Http/Middleware/PreventRequestsDuringMaintenance.php(109): Illuminate/Pipeline/Pipeline->{closure:{closure:Illuminate/Pipeline/Pipeline::carry():194}:195}(Object(Illuminate/Http/Request))
#42 D:/nintis/Package-Provider/vendor/laravel/framework/src/Illuminate/Pipeline/Pipeline.php(219): Illuminate/Foundation/Http/Middleware/PreventRequestsDuringMaintenance->handle(Object(Illuminate/Http/Request), Object(Closure))
#43 D:/nintis/Package-Provider/vendor/laravel/framework/src/Illuminate/Http/Middleware/HandleCors.php(61): Illuminate/Pipeline/Pipeline->{closure:{closure:Illuminate/Pipeline/Pipeline::carry():194}:195}(Object(Illuminate/Http/Request))
#44 D:/nintis/Package-Provider/vendor/laravel/framework/src/Illuminate/Pipeline/Pipeline.php(219): Illuminate/Http/Middleware/HandleCors->handle(Object(Illuminate/Http/Request), Object(Closure))
#45 D:/nintis/Package-Provider/vendor/laravel/framework/src/Illuminate/Http/Middleware/TrustProxies.php(58): Illuminate/Pipeline/Pipeline->{closure:{closure:Illuminate/Pipeline/Pipeline::carry():194}:195}(Object(Illuminate/Http/Request))
#46 D:/nintis/Package-Provider/vendor/laravel/framework/src/Illuminate/Pipeline/Pipeline.php(219): Illuminate/Http/Middleware/TrustProxies->handle(Object(Illuminate/Http/Request), Object(Closure))
#47 D:/nintis/Package-Provider/vendor/laravel/framework/src/Illuminate/Foundation/Http/Middleware/InvokeDeferredCallbacks.php(22): Illuminate/Pipeline/Pipeline->{closure:{closure:Illuminate/Pipeline/Pipeline::carry():194}:195}(Object(Illuminate/Http/Request))
#48 D:/nintis/Package-Provider/vendor/laravel/framework/src/Illuminate/Pipeline/Pipeline.php(219): Illuminate/Foundation/Http/Middleware/InvokeDeferredCallbacks->handle(Object(Illuminate/Http/Request), Object(Closure))
#49 D:/nintis/Package-Provider/vendor/laravel/framework/src/Illuminate/Http/Middleware/ValidatePathEncoding.php(28): Illuminate/Pipeline/Pipeline->{closure:{closure:Illuminate/Pipeline/Pipeline::carry():194}:195}(Object(Illuminate/Http/Request))
#50 D:/nintis/Package-Provider/vendor/laravel/framework/src/Illuminate/Pipeline/Pipeline.php(219): Illuminate/Http/Middleware/ValidatePathEncoding->handle(Object(Illuminate/Http/Request), Object(Closure))
#51 D:/nintis/Package-Provider/vendor/laravel/framework/src/Illuminate/Pipeline/Pipeline.php(137): Illuminate/Pipeline/Pipeline->{closure:{closure:Illuminate/Pipeline/Pipeline::carry():194}:195}(Object(Illuminate/Http/Request))
#52 D:/nintis/Package-Provider/vendor/laravel/framework/src/Illuminate/Foundation/Http/Kernel.php(175): Illuminate/Pipeline/Pipeline->then(Object(Closure))
#53 D:/nintis/Package-Provider/vendor/laravel/framework/src/Illuminate/Foundation/Http/Kernel.php(144): Illuminate/Foundation/Http/Kernel->sendRequestThroughRouter(Object(Illuminate/Http/Request))
#54 D:/nintis/Package-Provider/vendor/laravel/framework/src/Illuminate/Foundation/Application.php(1220): Illuminate/Foundation/Http/Kernel->handle(Object(Illuminate/Http/Request))
#55 D:/nintis/Package-Provider/public/index.php(20): Illuminate/Foundation/Application->handleRequest(Object(Illuminate/Http/Request))
#56 D:/nintis/Package-Provider/vendor/laravel/framework/src/Illuminate/Foundation/resources/server.php(23): require_once('D://nintis//Packa...')
#57 {main}

[previous exception] [object] (TypeError(code: 0): NIN\\RequestLogAnalyzer\\Models\\RequestReplay::getSafeHeaders(): Return value must be of type array, string returned at D:/nintis/Package-Provider/packages/NIN/RequestLogAnalyzer/src/Models/RequestReplay.php:127)
[stacktrace]
#0 D:/nintis/Package-Provider/storage/framework/views/a4e6d00200ef323068b3230746d8642f.php(161): NIN/RequestLogAnalyzer/Models/RequestReplay->getSafeHeaders()
#1 D:/nintis/Package-Provider/vendor/laravel/framework/src/Illuminate/Filesystem/Filesystem.php(123): require('D://nintis//Packa...')
#2 D:/nintis/Package-Provider/vendor/laravel/framework/src/Illuminate/Filesystem/Filesystem.php(124): Illuminate/Filesystem/Filesystem::{closure:Illuminate/Filesystem/Filesystem::getRequire():120}()
#3 D:/nintis/Package-Provider/vendor/laravel/framework/src/Illuminate/View/Engines/PhpEngine.php(57): Illuminate/Filesystem/Filesystem->getRequire('D://nintis//Packa...', Array)
#4 D:/nintis/Package-Provider/vendor/laravel/framework/src/Illuminate/View/Engines/CompilerEngine.php(76): Illuminate/View/Engines/PhpEngine->evaluatePath('D://nintis//Packa...', Array)
#5 D:/nintis/Package-Provider/vendor/laravel/framework/src/Illuminate/View/View.php(208): Illuminate/View/Engines/CompilerEngine->get('D://nintis//Packa...', Array)
#6 D:/nintis/Package-Provider/vendor/laravel/framework/src/Illuminate/View/View.php(191): Illuminate/View/View->getContents()
#7 D:/nintis/Package-Provider/vendor/laravel/framework/src/Illuminate/View/View.php(160): Illuminate/View/View->renderContents()
#8 D:/nintis/Package-Provider/vendor/laravel/framework/src/Illuminate/Http/Response.php(78): Illuminate/View/View->render()
#9 D:/nintis/Package-Provider/vendor/laravel/framework/src/Illuminate/Http/Response.php(34): Illuminate/Http/Response->setContent(Object(Illuminate/View/View))
#10 D:/nintis/Package-Provider/vendor/laravel/framework/src/Illuminate/Routing/Router.php(939): Illuminate/Http/Response->__construct(Object(Illuminate/View/View), 200, Array)
#11 D:/nintis/Package-Provider/vendor/laravel/framework/src/Illuminate/Routing/Router.php(906): Illuminate/Routing/Router::toResponse(Object(Illuminate/Http/Request), Object(Illuminate/View/View))
#12 D:/nintis/Package-Provider/vendor/laravel/framework/src/Illuminate/Routing/Router.php(821): Illuminate/Routing/Router->prepareResponse(Object(Illuminate/Http/Request), Object(Illuminate/View/View))
#13 D:/nintis/Package-Provider/vendor/laravel/framework/src/Illuminate/Pipeline/Pipeline.php(180): Illuminate/Routing/Router->{closure:Illuminate/Routing/Router::runRouteWithinStack():821}(Object(Illuminate/Http/Request))
#14 D:/nintis/Package-Provider/vendor/laravel/framework/src/Illuminate/Routing/Middleware/SubstituteBindings.php(52): Illuminate/Pipeline/Pipeline->{closure:Illuminate/Pipeline/Pipeline::prepareDestination():178}(Object(Illuminate/Http/Request))
#15 D:/nintis/Package-Provider/vendor/laravel/framework/src/Illuminate/Pipeline/Pipeline.php(219): Illuminate/Routing/Middleware/SubstituteBindings->handle(Object(Illuminate/Http/Request), Object(Closure))
#16 D:/nintis/Package-Provider/vendor/laravel/framework/src/Illuminate/Foundation/Http/Middleware/PreventRequestForgery.php(104): Illuminate/Pipeline/Pipeline->{closure:{closure:Illuminate/Pipeline/Pipeline::carry():194}:195}(Object(Illuminate/Http/Request))
#17 D:/nintis/Package-Provider/vendor/laravel/framework/src/Illuminate/Pipeline/Pipeline.php(219): Illuminate/Foundation/Http/Middleware/PreventRequestForgery->handle(Object(Illuminate/Http/Request), Object(Closure))
#18 D:/nintis/Package-Provider/vendor/laravel/framework/src/Illuminate/View/Middleware/ShareErrorsFromSession.php(48): Illuminate/Pipeline/Pipeline->{closure:{closure:Illuminate/Pipeline/Pipeline::carry():194}:195}(Object(Illuminate/Http/Request))
#19 D:/nintis/Package-Provider/vendor/laravel/framework/src/Illuminate/Pipeline/Pipeline.php(219): Illuminate/View/Middleware/ShareErrorsFromSession->handle(Object(Illuminate/Http/Request), Object(Closure))
#20 D:/nintis/Package-Provider/vendor/laravel/framework/src/Illuminate/Session/Middleware/StartSession.php(120): Illuminate/Pipeline/Pipeline->{closure:{closure:Illuminate/Pipeline/Pipeline::carry():194}:195}(Object(Illuminate/Http/Request))
#21 D:/nintis/Package-Provider/vendor/laravel/framework/src/Illuminate/Session/Middleware/StartSession.php(63): Illuminate/Session/Middleware/StartSession->handleStatefulRequest(Object(Illuminate/Http/Request), Object(Illuminate/Session/Store), Object(Closure))
#22 D:/nintis/Package-Provider/vendor/laravel/framework/src/Illuminate/Pipeline/Pipeline.php(219): Illuminate/Session/Middleware/StartSession->handle(Object(Illuminate/Http/Request), Object(Closure))
#23 D:/nintis/Package-Provider/vendor/laravel/framework/src/Illuminate/Cookie/Middleware/AddQueuedCookiesToResponse.php(36): Illuminate/Pipeline/Pipeline->{closure:{closure:Illuminate/Pipeline/Pipeline::carry():194}:195}(Object(Illuminate/Http/Request))
#24 D:/nintis/Package-Provider/vendor/laravel/framework/src/Illuminate/Pipeline/Pipeline.php(219): Illuminate/Cookie/Middleware/AddQueuedCookiesToResponse->handle(Object(Illuminate/Http/Request), Object(Closure))
#25 D:/nintis/Package-Provider/vendor/laravel/framework/src/Illuminate/Cookie/Middleware/EncryptCookies.php(74): Illuminate/Pipeline/Pipeline->{closure:{closure:Illuminate/Pipeline/Pipeline::carry():194}:195}(Object(Illuminate/Http/Request))
#26 D:/nintis/Package-Provider/vendor/laravel/framework/src/Illuminate/Pipeline/Pipeline.php(219): Illuminate/Cookie/Middleware/EncryptCookies->handle(Object(Illuminate/Http/Request), Object(Closure))
#27 D:/nintis/Package-Provider/vendor/laravel/framework/src/Illuminate/Pipeline/Pipeline.php(137): Illuminate/Pipeline/Pipeline->{closure:{closure:Illuminate/Pipeline/Pipeline::carry():194}:195}(Object(Illuminate/Http/Request))
#28 D:/nintis/Package-Provider/vendor/laravel/framework/src/Illuminate/Routing/Router.php(821): Illuminate/Pipeline/Pipeline->then(Object(Closure))
#29 D:/nintis/Package-Provider/vendor/laravel/framework/src/Illuminate/Routing/Router.php(800): Illuminate/Routing/Router->runRouteWithinStack(Object(Illuminate/Routing/Route), Object(Illuminate/Http/Request))
#30 D:/nintis/Package-Provider/vendor/laravel/framework/src/Illuminate/Routing/Router.php(764): Illuminate/Routing/Router->runRoute(Object(Illuminate/Http/Request), Object(Illuminate/Routing/Route))
#31 D:/nintis/Package-Provider/vendor/laravel/framework/src/Illuminate/Routing/Router.php(753): Illuminate/Routing/Router->dispatchToRoute(Object(Illuminate/Http/Request))
#32 D:/nintis/Package-Provider/vendor/laravel/framework/src/Illuminate/Foundation/Http/Kernel.php(200): Illuminate/Routing/Router->dispatch(Object(Illuminate/Http/Request))
#33 D:/nintis/Package-Provider/vendor/laravel/framework/src/Illuminate/Pipeline/Pipeline.php(180): Illuminate/Foundation/Http/Kernel->{closure:Illuminate/Foundation/Http/Kernel::dispatchToRouter():197}(Object(Illuminate/Http/Request))
#34 D:/nintis/Package-Provider/packages/NIN/RequestLogAnalyzer/src/Http/Middleware/TrackRequest.php(102): Illuminate/Pipeline/Pipeline->{closure:Illuminate/Pipeline/Pipeline::prepareDestination():178}(Object(Illuminate/Http/Request))
#35 D:/nintis/Package-Provider/vendor/laravel/framework/src/Illuminate/Pipeline/Pipeline.php(219): NIN/RequestLogAnalyzer/Http/Middleware/TrackRequest->handle(Object(Illuminate/Http/Request), Object(Closure))
#36 D:/nintis/Package-Provider/vendor/laravel/framework/src/Illuminate/Foundation/Http/Middleware/TransformsRequest.php(21): Illuminate/Pipeline/Pipeline->{closure:{closure:Illuminate/Pipeline/Pipeline::carry():194}:195}(Object(Illuminate/Http/Request))
#37 D:/nintis/Package-Provider/vendor/laravel/framework/src/Illuminate/Foundation/Http/Middleware/ConvertEmptyStringsToNull.php(31): Illuminate/Foundation/Http/Middleware/TransformsRequest->handle(Object(Illuminate/Http/Request), Object(Closure))
#38 D:/nintis/Package-Provider/vendor/laravel/framework/src/Illuminate/Pipeline/Pipeline.php(219): Illuminate/Foundation/Http/Middleware/ConvertEmptyStringsToNull->handle(Object(Illuminate/Http/Request), Object(Closure))
#39 D:/nintis/Package-Provider/vendor/laravel/framework/src/Illuminate/Foundation/Http/Middleware/TransformsRequest.php(21): Illuminate/Pipeline/Pipeline->{closure:{closure:Illuminate/Pipeline/Pipeline::carry():194}:195}(Object(Illuminate/Http/Request))
#40 D:/nintis/Package-Provider/vendor/laravel/framework/src/Illuminate/Foundation/Http/Middleware/TrimStrings.php(51): Illuminate/Foundation/Http/Middleware/TransformsRequest->handle(Object(Illuminate/Http/Request), Object(Closure))
#41 D:/nintis/Package-Provider/vendor/laravel/framework/src/Illuminate/Pipeline/Pipeline.php(219): Illuminate/Foundation/Http/Middleware/TrimStrings->handle(Object(Illuminate/Http/Request), Object(Closure))
#42 D:/nintis/Package-Provider/vendor/laravel/framework/src/Illuminate/Http/Middleware/ValidatePostSize.php(27): Illuminate/Pipeline/Pipeline->{closure:{closure:Illuminate/Pipeline/Pipeline::carry():194}:195}(Object(Illuminate/Http/Request))
#43 D:/nintis/Package-Provider/vendor/laravel/framework/src/Illuminate/Pipeline/Pipeline.php(219): Illuminate/Http/Middleware/ValidatePostSize->handle(Object(Illuminate/Http/Request), Object(Closure))
#44 D:/nintis/Package-Provider/vendor/laravel/framework/src/Illuminate/Foundation/Http/Middleware/PreventRequestsDuringMaintenance.php(109): Illuminate/Pipeline/Pipeline->{closure:{closure:Illuminate/Pipeline/Pipeline::carry():194}:195}(Object(Illuminate/Http/Request))
#45 D:/nintis/Package-Provider/vendor/laravel/framework/src/Illuminate/Pipeline/Pipeline.php(219): Illuminate/Foundation/Http/Middleware/PreventRequestsDuringMaintenance->handle(Object(Illuminate/Http/Request), Object(Closure))
#46 D:/nintis/Package-Provider/vendor/laravel/framework/src/Illuminate/Http/Middleware/HandleCors.php(61): Illuminate/Pipeline/Pipeline->{closure:{closure:Illuminate/Pipeline/Pipeline::carry():194}:195}(Object(Illuminate/Http/Request))
#47 D:/nintis/Package-Provider/vendor/laravel/framework/src/Illuminate/Pipeline/Pipeline.php(219): Illuminate/Http/Middleware/HandleCors->handle(Object(Illuminate/Http/Request), Object(Closure))
#48 D:/nintis/Package-Provider/vendor/laravel/framework/src/Illuminate/Http/Middleware/TrustProxies.php(58): Illuminate/Pipeline/Pipeline->{closure:{closure:Illuminate/Pipeline/Pipeline::carry():194}:195}(Object(Illuminate/Http/Request))
#49 D:/nintis/Package-Provider/vendor/laravel/framework/src/Illuminate/Pipeline/Pipeline.php(219): Illuminate/Http/Middleware/TrustProxies->handle(Object(Illuminate/Http/Request), Object(Closure))
#50 D:/nintis/Package-Provider/vendor/laravel/framework/src/Illuminate/Foundation/Http/Middleware/InvokeDeferredCallbacks.php(22): Illuminate/Pipeline/Pipeline->{closure:{closure:Illuminate/Pipeline/Pipeline::carry():194}:195}(Object(Illuminate/Http/Request))
#51 D:/nintis/Package-Provider/vendor/laravel/framework/src/Illuminate/Pipeline/Pipeline.php(219): Illuminate/Foundation/Http/Middleware/InvokeDeferredCallbacks->handle(Object(Illuminate/Http/Request), Object(Closure))
#52 D:/nintis/Package-Provider/vendor/laravel/framework/src/Illuminate/Http/Middleware/ValidatePathEncoding.php(28): Illuminate/Pipeline/Pipeline->{closure:{closure:Illuminate/Pipeline/Pipeline::carry():194}:195}(Object(Illuminate/Http/Request))
#53 D:/nintis/Package-Provider/vendor/laravel/framework/src/Illuminate/Pipeline/Pipeline.php(219): Illuminate/Http/Middleware/ValidatePathEncoding->handle(Object(Illuminate/Http/Request), Object(Closure))
#54 D:/nintis/Package-Provider/vendor/laravel/framework/src/Illuminate/Pipeline/Pipeline.php(137): Illuminate/Pipeline/Pipeline->{closure:{closure:Illuminate/Pipeline/Pipeline::carry():194}:195}(Object(Illuminate/Http/Request))
#55 D:/nintis/Package-Provider/vendor/laravel/framework/src/Illuminate/Foundation/Http/Kernel.php(175): Illuminate/Pipeline/Pipeline->then(Object(Closure))
#56 D:/nintis/Package-Provider/vendor/laravel/framework/src/Illuminate/Foundation/Http/Kernel.php(144): Illuminate/Foundation/Http/Kernel->sendRequestThroughRouter(Object(Illuminate/Http/Request))
#57 D:/nintis/Package-Provider/vendor/laravel/framework/src/Illuminate/Foundation/Application.php(1220): Illuminate/Foundation/Http/Kernel->handle(Object(Illuminate/Http/Request))
#58 D:/nintis/Package-Provider/public/index.php(20): Illuminate/Foundation/Application->handleRequest(Object(Illuminate/Http/Request))
#59 D:/nintis/Package-Provider/vendor/laravel/framework/src/Illuminate/Foundation/resources/server.php(23): require_once('D://nintis//Packa...')
#60 {main}
"} 
[2026-05-13 04:54:23] local.ERROR: NIN\RequestLogAnalyzer\Models\RequestReplay::getSafeHeaders(): Return value must be of type array, string returned (View: D:\nintis\Package-Provider\packages\NIN\RequestLogAnalyzer\resources\views\replay\show.blade.php) {"exception":"[object] (Illuminate\\View\\ViewException(code: 0): NIN\\RequestLogAnalyzer\\Models\\RequestReplay::getSafeHeaders(): Return value must be of type array, string returned (View: D:\\nintis\\Package-Provider\\packages\\NIN\\RequestLogAnalyzer\\resources\\views\\replay\\show.blade.php) at D:/nintis/Package-Provider/packages/NIN/RequestLogAnalyzer/src/Models/RequestReplay.php:127)
[stacktrace]
#0 D:/nintis/Package-Provider/vendor/laravel/framework/src/Illuminate/View/Engines/PhpEngine.php(59): Illuminate/View/Engines/CompilerEngine->handleViewException(Object(TypeError), 1)
#1 D:/nintis/Package-Provider/vendor/laravel/framework/src/Illuminate/View/Engines/CompilerEngine.php(76): Illuminate/View/Engines/PhpEngine->evaluatePath('D://nintis//Packa...', Array)
#2 D:/nintis/Package-Provider/vendor/laravel/framework/src/Illuminate/View/View.php(208): Illuminate/View/Engines/CompilerEngine->get('D://nintis//Packa...', Array)
#3 D:/nintis/Package-Provider/vendor/laravel/framework/src/Illuminate/View/View.php(191): Illuminate/View/View->getContents()
#4 D:/nintis/Package-Provider/vendor/laravel/framework/src/Illuminate/View/View.php(160): Illuminate/View/View->renderContents()
#5 D:/nintis/Package-Provider/vendor/laravel/framework/src/Illuminate/Http/Response.php(78): Illuminate/View/View->render()
#6 D:/nintis/Package-Provider/vendor/laravel/framework/src/Illuminate/Http/Response.php(34): Illuminate/Http/Response->setContent(Object(Illuminate/View/View))
#7 D:/nintis/Package-Provider/vendor/laravel/framework/src/Illuminate/Routing/Router.php(939): Illuminate/Http/Response->__construct(Object(Illuminate/View/View), 200, Array)
#8 D:/nintis/Package-Provider/vendor/laravel/framework/src/Illuminate/Routing/Router.php(906): Illuminate/Routing/Router::toResponse(Object(Illuminate/Http/Request), Object(Illuminate/View/View))
#9 D:/nintis/Package-Provider/vendor/laravel/framework/src/Illuminate/Routing/Router.php(821): Illuminate/Routing/Router->prepareResponse(Object(Illuminate/Http/Request), Object(Illuminate/View/View))
#10 D:/nintis/Package-Provider/vendor/laravel/framework/src/Illuminate/Pipeline/Pipeline.php(180): Illuminate/Routing/Router->{closure:Illuminate/Routing/Router::runRouteWithinStack():821}(Object(Illuminate/Http/Request))
#11 D:/nintis/Package-Provider/vendor/laravel/framework/src/Illuminate/Routing/Middleware/SubstituteBindings.php(52): Illuminate/Pipeline/Pipeline->{closure:Illuminate/Pipeline/Pipeline::prepareDestination():178}(Object(Illuminate/Http/Request))
#12 D:/nintis/Package-Provider/vendor/laravel/framework/src/Illuminate/Pipeline/Pipeline.php(219): Illuminate/Routing/Middleware/SubstituteBindings->handle(Object(Illuminate/Http/Request), Object(Closure))
#13 D:/nintis/Package-Provider/vendor/laravel/framework/src/Illuminate/Foundation/Http/Middleware/PreventRequestForgery.php(104): Illuminate/Pipeline/Pipeline->{closure:{closure:Illuminate/Pipeline/Pipeline::carry():194}:195}(Object(Illuminate/Http/Request))
#14 D:/nintis/Package-Provider/vendor/laravel/framework/src/Illuminate/Pipeline/Pipeline.php(219): Illuminate/Foundation/Http/Middleware/PreventRequestForgery->handle(Object(Illuminate/Http/Request), Object(Closure))
#15 D:/nintis/Package-Provider/vendor/laravel/framework/src/Illuminate/View/Middleware/ShareErrorsFromSession.php(48): Illuminate/Pipeline/Pipeline->{closure:{closure:Illuminate/Pipeline/Pipeline::carry():194}:195}(Object(Illuminate/Http/Request))
#16 D:/nintis/Package-Provider/vendor/laravel/framework/src/Illuminate/Pipeline/Pipeline.php(219): Illuminate/View/Middleware/ShareErrorsFromSession->handle(Object(Illuminate/Http/Request), Object(Closure))
#17 D:/nintis/Package-Provider/vendor/laravel/framework/src/Illuminate/Session/Middleware/StartSession.php(120): Illuminate/Pipeline/Pipeline->{closure:{closure:Illuminate/Pipeline/Pipeline::carry():194}:195}(Object(Illuminate/Http/Request))
#18 D:/nintis/Package-Provider/vendor/laravel/framework/src/Illuminate/Session/Middleware/StartSession.php(63): Illuminate/Session/Middleware/StartSession->handleStatefulRequest(Object(Illuminate/Http/Request), Object(Illuminate/Session/Store), Object(Closure))
#19 D:/nintis/Package-Provider/vendor/laravel/framework/src/Illuminate/Pipeline/Pipeline.php(219): Illuminate/Session/Middleware/StartSession->handle(Object(Illuminate/Http/Request), Object(Closure))
#20 D:/nintis/Package-Provider/vendor/laravel/framework/src/Illuminate/Cookie/Middleware/AddQueuedCookiesToResponse.php(36): Illuminate/Pipeline/Pipeline->{closure:{closure:Illuminate/Pipeline/Pipeline::carry():194}:195}(Object(Illuminate/Http/Request))
#21 D:/nintis/Package-Provider/vendor/laravel/framework/src/Illuminate/Pipeline/Pipeline.php(219): Illuminate/Cookie/Middleware/AddQueuedCookiesToResponse->handle(Object(Illuminate/Http/Request), Object(Closure))
#22 D:/nintis/Package-Provider/vendor/laravel/framework/src/Illuminate/Cookie/Middleware/EncryptCookies.php(74): Illuminate/Pipeline/Pipeline->{closure:{closure:Illuminate/Pipeline/Pipeline::carry():194}:195}(Object(Illuminate/Http/Request))
#23 D:/nintis/Package-Provider/vendor/laravel/framework/src/Illuminate/Pipeline/Pipeline.php(219): Illuminate/Cookie/Middleware/EncryptCookies->handle(Object(Illuminate/Http/Request), Object(Closure))
#24 D:/nintis/Package-Provider/vendor/laravel/framework/src/Illuminate/Pipeline/Pipeline.php(137): Illuminate/Pipeline/Pipeline->{closure:{closure:Illuminate/Pipeline/Pipeline::carry():194}:195}(Object(Illuminate/Http/Request))
#25 D:/nintis/Package-Provider/vendor/laravel/framework/src/Illuminate/Routing/Router.php(821): Illuminate/Pipeline/Pipeline->then(Object(Closure))
#26 D:/nintis/Package-Provider/vendor/laravel/framework/src/Illuminate/Routing/Router.php(800): Illuminate/Routing/Router->runRouteWithinStack(Object(Illuminate/Routing/Route), Object(Illuminate/Http/Request))
#27 D:/nintis/Package-Provider/vendor/laravel/framework/src/Illuminate/Routing/Router.php(764): Illuminate/Routing/Router->runRoute(Object(Illuminate/Http/Request), Object(Illuminate/Routing/Route))
#28 D:/nintis/Package-Provider/vendor/laravel/framework/src/Illuminate/Routing/Router.php(753): Illuminate/Routing/Router->dispatchToRoute(Object(Illuminate/Http/Request))
#29 D:/nintis/Package-Provider/vendor/laravel/framework/src/Illuminate/Foundation/Http/Kernel.php(200): Illuminate/Routing/Router->dispatch(Object(Illuminate/Http/Request))
#30 D:/nintis/Package-Provider/vendor/laravel/framework/src/Illuminate/Pipeline/Pipeline.php(180): Illuminate/Foundation/Http/Kernel->{closure:Illuminate/Foundation/Http/Kernel::dispatchToRouter():197}(Object(Illuminate/Http/Request))
#31 D:/nintis/Package-Provider/packages/NIN/RequestLogAnalyzer/src/Http/Middleware/TrackRequest.php(102): Illuminate/Pipeline/Pipeline->{closure:Illuminate/Pipeline/Pipeline::prepareDestination():178}(Object(Illuminate/Http/Request))
#32 D:/nintis/Package-Provider/vendor/laravel/framework/src/Illuminate/Pipeline/Pipeline.php(219): NIN/RequestLogAnalyzer/Http/Middleware/TrackRequest->handle(Object(Illuminate/Http/Request), Object(Closure))
#33 D:/nintis/Package-Provider/vendor/laravel/framework/src/Illuminate/Foundation/Http/Middleware/TransformsRequest.php(21): Illuminate/Pipeline/Pipeline->{closure:{closure:Illuminate/Pipeline/Pipeline::carry():194}:195}(Object(Illuminate/Http/Request))
#34 D:/nintis/Package-Provider/vendor/laravel/framework/src/Illuminate/Foundation/Http/Middleware/ConvertEmptyStringsToNull.php(31): Illuminate/Foundation/Http/Middleware/TransformsRequest->handle(Object(Illuminate/Http/Request), Object(Closure))
#35 D:/nintis/Package-Provider/vendor/laravel/framework/src/Illuminate/Pipeline/Pipeline.php(219): Illuminate/Foundation/Http/Middleware/ConvertEmptyStringsToNull->handle(Object(Illuminate/Http/Request), Object(Closure))
#36 D:/nintis/Package-Provider/vendor/laravel/framework/src/Illuminate/Foundation/Http/Middleware/TransformsRequest.php(21): Illuminate/Pipeline/Pipeline->{closure:{closure:Illuminate/Pipeline/Pipeline::carry():194}:195}(Object(Illuminate/Http/Request))
#37 D:/nintis/Package-Provider/vendor/laravel/framework/src/Illuminate/Foundation/Http/Middleware/TrimStrings.php(51): Illuminate/Foundation/Http/Middleware/TransformsRequest->handle(Object(Illuminate/Http/Request), Object(Closure))
#38 D:/nintis/Package-Provider/vendor/laravel/framework/src/Illuminate/Pipeline/Pipeline.php(219): Illuminate/Foundation/Http/Middleware/TrimStrings->handle(Object(Illuminate/Http/Request), Object(Closure))
#39 D:/nintis/Package-Provider/vendor/laravel/framework/src/Illuminate/Http/Middleware/ValidatePostSize.php(27): Illuminate/Pipeline/Pipeline->{closure:{closure:Illuminate/Pipeline/Pipeline::carry():194}:195}(Object(Illuminate/Http/Request))
#40 D:/nintis/Package-Provider/vendor/laravel/framework/src/Illuminate/Pipeline/Pipeline.php(219): Illuminate/Http/Middleware/ValidatePostSize->handle(Object(Illuminate/Http/Request), Object(Closure))
#41 D:/nintis/Package-Provider/vendor/laravel/framework/src/Illuminate/Foundation/Http/Middleware/PreventRequestsDuringMaintenance.php(109): Illuminate/Pipeline/Pipeline->{closure:{closure:Illuminate/Pipeline/Pipeline::carry():194}:195}(Object(Illuminate/Http/Request))
#42 D:/nintis/Package-Provider/vendor/laravel/framework/src/Illuminate/Pipeline/Pipeline.php(219): Illuminate/Foundation/Http/Middleware/PreventRequestsDuringMaintenance->handle(Object(Illuminate/Http/Request), Object(Closure))
#43 D:/nintis/Package-Provider/vendor/laravel/framework/src/Illuminate/Http/Middleware/HandleCors.php(61): Illuminate/Pipeline/Pipeline->{closure:{closure:Illuminate/Pipeline/Pipeline::carry():194}:195}(Object(Illuminate/Http/Request))
#44 D:/nintis/Package-Provider/vendor/laravel/framework/src/Illuminate/Pipeline/Pipeline.php(219): Illuminate/Http/Middleware/HandleCors->handle(Object(Illuminate/Http/Request), Object(Closure))
#45 D:/nintis/Package-Provider/vendor/laravel/framework/src/Illuminate/Http/Middleware/TrustProxies.php(58): Illuminate/Pipeline/Pipeline->{closure:{closure:Illuminate/Pipeline/Pipeline::carry():194}:195}(Object(Illuminate/Http/Request))
#46 D:/nintis/Package-Provider/vendor/laravel/framework/src/Illuminate/Pipeline/Pipeline.php(219): Illuminate/Http/Middleware/TrustProxies->handle(Object(Illuminate/Http/Request), Object(Closure))
#47 D:/nintis/Package-Provider/vendor/laravel/framework/src/Illuminate/Foundation/Http/Middleware/InvokeDeferredCallbacks.php(22): Illuminate/Pipeline/Pipeline->{closure:{closure:Illuminate/Pipeline/Pipeline::carry():194}:195}(Object(Illuminate/Http/Request))
#48 D:/nintis/Package-Provider/vendor/laravel/framework/src/Illuminate/Pipeline/Pipeline.php(219): Illuminate/Foundation/Http/Middleware/InvokeDeferredCallbacks->handle(Object(Illuminate/Http/Request), Object(Closure))
#49 D:/nintis/Package-Provider/vendor/laravel/framework/src/Illuminate/Http/Middleware/ValidatePathEncoding.php(28): Illuminate/Pipeline/Pipeline->{closure:{closure:Illuminate/Pipeline/Pipeline::carry():194}:195}(Object(Illuminate/Http/Request))
#50 D:/nintis/Package-Provider/vendor/laravel/framework/src/Illuminate/Pipeline/Pipeline.php(219): Illuminate/Http/Middleware/ValidatePathEncoding->handle(Object(Illuminate/Http/Request), Object(Closure))
#51 D:/nintis/Package-Provider/vendor/laravel/framework/src/Illuminate/Pipeline/Pipeline.php(137): Illuminate/Pipeline/Pipeline->{closure:{closure:Illuminate/Pipeline/Pipeline::carry():194}:195}(Object(Illuminate/Http/Request))
#52 D:/nintis/Package-Provider/vendor/laravel/framework/src/Illuminate/Foundation/Http/Kernel.php(175): Illuminate/Pipeline/Pipeline->then(Object(Closure))
#53 D:/nintis/Package-Provider/vendor/laravel/framework/src/Illuminate/Foundation/Http/Kernel.php(144): Illuminate/Foundation/Http/Kernel->sendRequestThroughRouter(Object(Illuminate/Http/Request))
#54 D:/nintis/Package-Provider/vendor/laravel/framework/src/Illuminate/Foundation/Application.php(1220): Illuminate/Foundation/Http/Kernel->handle(Object(Illuminate/Http/Request))
#55 D:/nintis/Package-Provider/public/index.php(20): Illuminate/Foundation/Application->handleRequest(Object(Illuminate/Http/Request))
#56 D:/nintis/Package-Provider/vendor/laravel/framework/src/Illuminate/Foundation/resources/server.php(23): require_once('D://nintis//Packa...')
#57 {main}

[previous exception] [object] (TypeError(code: 0): NIN\\RequestLogAnalyzer\\Models\\RequestReplay::getSafeHeaders(): Return value must be of type array, string returned at D:/nintis/Package-Provider/packages/NIN/RequestLogAnalyzer/src/Models/RequestReplay.php:127)
[stacktrace]
#0 D:/nintis/Package-Provider/storage/framework/views/a4e6d00200ef323068b3230746d8642f.php(161): NIN/RequestLogAnalyzer/Models/RequestReplay->getSafeHeaders()
#1 D:/nintis/Package-Provider/vendor/laravel/framework/src/Illuminate/Filesystem/Filesystem.php(123): require('D://nintis//Packa...')
#2 D:/nintis/Package-Provider/vendor/laravel/framework/src/Illuminate/Filesystem/Filesystem.php(124): Illuminate/Filesystem/Filesystem::{closure:Illuminate/Filesystem/Filesystem::getRequire():120}()
#3 D:/nintis/Package-Provider/vendor/laravel/framework/src/Illuminate/View/Engines/PhpEngine.php(57): Illuminate/Filesystem/Filesystem->getRequire('D://nintis//Packa...', Array)
#4 D:/nintis/Package-Provider/vendor/laravel/framework/src/Illuminate/View/Engines/CompilerEngine.php(76): Illuminate/View/Engines/PhpEngine->evaluatePath('D://nintis//Packa...', Array)
#5 D:/nintis/Package-Provider/vendor/laravel/framework/src/Illuminate/View/View.php(208): Illuminate/View/Engines/CompilerEngine->get('D://nintis//Packa...', Array)
#6 D:/nintis/Package-Provider/vendor/laravel/framework/src/Illuminate/View/View.php(191): Illuminate/View/View->getContents()
#7 D:/nintis/Package-Provider/vendor/laravel/framework/src/Illuminate/View/View.php(160): Illuminate/View/View->renderContents()
#8 D:/nintis/Package-Provider/vendor/laravel/framework/src/Illuminate/Http/Response.php(78): Illuminate/View/View->render()
#9 D:/nintis/Package-Provider/vendor/laravel/framework/src/Illuminate/Http/Response.php(34): Illuminate/Http/Response->setContent(Object(Illuminate/View/View))
#10 D:/nintis/Package-Provider/vendor/laravel/framework/src/Illuminate/Routing/Router.php(939): Illuminate/Http/Response->__construct(Object(Illuminate/View/View), 200, Array)
#11 D:/nintis/Package-Provider/vendor/laravel/framework/src/Illuminate/Routing/Router.php(906): Illuminate/Routing/Router::toResponse(Object(Illuminate/Http/Request), Object(Illuminate/View/View))
#12 D:/nintis/Package-Provider/vendor/laravel/framework/src/Illuminate/Routing/Router.php(821): Illuminate/Routing/Router->prepareResponse(Object(Illuminate/Http/Request), Object(Illuminate/View/View))
#13 D:/nintis/Package-Provider/vendor/laravel/framework/src/Illuminate/Pipeline/Pipeline.php(180): Illuminate/Routing/Router->{closure:Illuminate/Routing/Router::runRouteWithinStack():821}(Object(Illuminate/Http/Request))
#14 D:/nintis/Package-Provider/vendor/laravel/framework/src/Illuminate/Routing/Middleware/SubstituteBindings.php(52): Illuminate/Pipeline/Pipeline->{closure:Illuminate/Pipeline/Pipeline::prepareDestination():178}(Object(Illuminate/Http/Request))
#15 D:/nintis/Package-Provider/vendor/laravel/framework/src/Illuminate/Pipeline/Pipeline.php(219): Illuminate/Routing/Middleware/SubstituteBindings->handle(Object(Illuminate/Http/Request), Object(Closure))
#16 D:/nintis/Package-Provider/vendor/laravel/framework/src/Illuminate/Foundation/Http/Middleware/PreventRequestForgery.php(104): Illuminate/Pipeline/Pipeline->{closure:{closure:Illuminate/Pipeline/Pipeline::carry():194}:195}(Object(Illuminate/Http/Request))
#17 D:/nintis/Package-Provider/vendor/laravel/framework/src/Illuminate/Pipeline/Pipeline.php(219): Illuminate/Foundation/Http/Middleware/PreventRequestForgery->handle(Object(Illuminate/Http/Request), Object(Closure))
#18 D:/nintis/Package-Provider/vendor/laravel/framework/src/Illuminate/View/Middleware/ShareErrorsFromSession.php(48): Illuminate/Pipeline/Pipeline->{closure:{closure:Illuminate/Pipeline/Pipeline::carry():194}:195}(Object(Illuminate/Http/Request))
#19 D:/nintis/Package-Provider/vendor/laravel/framework/src/Illuminate/Pipeline/Pipeline.php(219): Illuminate/View/Middleware/ShareErrorsFromSession->handle(Object(Illuminate/Http/Request), Object(Closure))
#20 D:/nintis/Package-Provider/vendor/laravel/framework/src/Illuminate/Session/Middleware/StartSession.php(120): Illuminate/Pipeline/Pipeline->{closure:{closure:Illuminate/Pipeline/Pipeline::carry():194}:195}(Object(Illuminate/Http/Request))
#21 D:/nintis/Package-Provider/vendor/laravel/framework/src/Illuminate/Session/Middleware/StartSession.php(63): Illuminate/Session/Middleware/StartSession->handleStatefulRequest(Object(Illuminate/Http/Request), Object(Illuminate/Session/Store), Object(Closure))
#22 D:/nintis/Package-Provider/vendor/laravel/framework/src/Illuminate/Pipeline/Pipeline.php(219): Illuminate/Session/Middleware/StartSession->handle(Object(Illuminate/Http/Request), Object(Closure))
#23 D:/nintis/Package-Provider/vendor/laravel/framework/src/Illuminate/Cookie/Middleware/AddQueuedCookiesToResponse.php(36): Illuminate/Pipeline/Pipeline->{closure:{closure:Illuminate/Pipeline/Pipeline::carry():194}:195}(Object(Illuminate/Http/Request))
#24 D:/nintis/Package-Provider/vendor/laravel/framework/src/Illuminate/Pipeline/Pipeline.php(219): Illuminate/Cookie/Middleware/AddQueuedCookiesToResponse->handle(Object(Illuminate/Http/Request), Object(Closure))
#25 D:/nintis/Package-Provider/vendor/laravel/framework/src/Illuminate/Cookie/Middleware/EncryptCookies.php(74): Illuminate/Pipeline/Pipeline->{closure:{closure:Illuminate/Pipeline/Pipeline::carry():194}:195}(Object(Illuminate/Http/Request))
#26 D:/nintis/Package-Provider/vendor/laravel/framework/src/Illuminate/Pipeline/Pipeline.php(219): Illuminate/Cookie/Middleware/EncryptCookies->handle(Object(Illuminate/Http/Request), Object(Closure))
#27 D:/nintis/Package-Provider/vendor/laravel/framework/src/Illuminate/Pipeline/Pipeline.php(137): Illuminate/Pipeline/Pipeline->{closure:{closure:Illuminate/Pipeline/Pipeline::carry():194}:195}(Object(Illuminate/Http/Request))
#28 D:/nintis/Package-Provider/vendor/laravel/framework/src/Illuminate/Routing/Router.php(821): Illuminate/Pipeline/Pipeline->then(Object(Closure))
#29 D:/nintis/Package-Provider/vendor/laravel/framework/src/Illuminate/Routing/Router.php(800): Illuminate/Routing/Router->runRouteWithinStack(Object(Illuminate/Routing/Route), Object(Illuminate/Http/Request))
#30 D:/nintis/Package-Provider/vendor/laravel/framework/src/Illuminate/Routing/Router.php(764): Illuminate/Routing/Router->runRoute(Object(Illuminate/Http/Request), Object(Illuminate/Routing/Route))
#31 D:/nintis/Package-Provider/vendor/laravel/framework/src/Illuminate/Routing/Router.php(753): Illuminate/Routing/Router->dispatchToRoute(Object(Illuminate/Http/Request))
#32 D:/nintis/Package-Provider/vendor/laravel/framework/src/Illuminate/Foundation/Http/Kernel.php(200): Illuminate/Routing/Router->dispatch(Object(Illuminate/Http/Request))
#33 D:/nintis/Package-Provider/vendor/laravel/framework/src/Illuminate/Pipeline/Pipeline.php(180): Illuminate/Foundation/Http/Kernel->{closure:Illuminate/Foundation/Http/Kernel::dispatchToRouter():197}(Object(Illuminate/Http/Request))
#34 D:/nintis/Package-Provider/packages/NIN/RequestLogAnalyzer/src/Http/Middleware/TrackRequest.php(102): Illuminate/Pipeline/Pipeline->{closure:Illuminate/Pipeline/Pipeline::prepareDestination():178}(Object(Illuminate/Http/Request))
#35 D:/nintis/Package-Provider/vendor/laravel/framework/src/Illuminate/Pipeline/Pipeline.php(219): NIN/RequestLogAnalyzer/Http/Middleware/TrackRequest->handle(Object(Illuminate/Http/Request), Object(Closure))
#36 D:/nintis/Package-Provider/vendor/laravel/framework/src/Illuminate/Foundation/Http/Middleware/TransformsRequest.php(21): Illuminate/Pipeline/Pipeline->{closure:{closure:Illuminate/Pipeline/Pipeline::carry():194}:195}(Object(Illuminate/Http/Request))
#37 D:/nintis/Package-Provider/vendor/laravel/framework/src/Illuminate/Foundation/Http/Middleware/ConvertEmptyStringsToNull.php(31): Illuminate/Foundation/Http/Middleware/TransformsRequest->handle(Object(Illuminate/Http/Request), Object(Closure))
#38 D:/nintis/Package-Provider/vendor/laravel/framework/src/Illuminate/Pipeline/Pipeline.php(219): Illuminate/Foundation/Http/Middleware/ConvertEmptyStringsToNull->handle(Object(Illuminate/Http/Request), Object(Closure))
#39 D:/nintis/Package-Provider/vendor/laravel/framework/src/Illuminate/Foundation/Http/Middleware/TransformsRequest.php(21): Illuminate/Pipeline/Pipeline->{closure:{closure:Illuminate/Pipeline/Pipeline::carry():194}:195}(Object(Illuminate/Http/Request))
#40 D:/nintis/Package-Provider/vendor/laravel/framework/src/Illuminate/Foundation/Http/Middleware/TrimStrings.php(51): Illuminate/Foundation/Http/Middleware/TransformsRequest->handle(Object(Illuminate/Http/Request), Object(Closure))
#41 D:/nintis/Package-Provider/vendor/laravel/framework/src/Illuminate/Pipeline/Pipeline.php(219): Illuminate/Foundation/Http/Middleware/TrimStrings->handle(Object(Illuminate/Http/Request), Object(Closure))
#42 D:/nintis/Package-Provider/vendor/laravel/framework/src/Illuminate/Http/Middleware/ValidatePostSize.php(27): Illuminate/Pipeline/Pipeline->{closure:{closure:Illuminate/Pipeline/Pipeline::carry():194}:195}(Object(Illuminate/Http/Request))
#43 D:/nintis/Package-Provider/vendor/laravel/framework/src/Illuminate/Pipeline/Pipeline.php(219): Illuminate/Http/Middleware/ValidatePostSize->handle(Object(Illuminate/Http/Request), Object(Closure))
#44 D:/nintis/Package-Provider/vendor/laravel/framework/src/Illuminate/Foundation/Http/Middleware/PreventRequestsDuringMaintenance.php(109): Illuminate/Pipeline/Pipeline->{closure:{closure:Illuminate/Pipeline/Pipeline::carry():194}:195}(Object(Illuminate/Http/Request))
#45 D:/nintis/Package-Provider/vendor/laravel/framework/src/Illuminate/Pipeline/Pipeline.php(219): Illuminate/Foundation/Http/Middleware/PreventRequestsDuringMaintenance->handle(Object(Illuminate/Http/Request), Object(Closure))
#46 D:/nintis/Package-Provider/vendor/laravel/framework/src/Illuminate/Http/Middleware/HandleCors.php(61): Illuminate/Pipeline/Pipeline->{closure:{closure:Illuminate/Pipeline/Pipeline::carry():194}:195}(Object(Illuminate/Http/Request))
#47 D:/nintis/Package-Provider/vendor/laravel/framework/src/Illuminate/Pipeline/Pipeline.php(219): Illuminate/Http/Middleware/HandleCors->handle(Object(Illuminate/Http/Request), Object(Closure))
#48 D:/nintis/Package-Provider/vendor/laravel/framework/src/Illuminate/Http/Middleware/TrustProxies.php(58): Illuminate/Pipeline/Pipeline->{closure:{closure:Illuminate/Pipeline/Pipeline::carry():194}:195}(Object(Illuminate/Http/Request))
#49 D:/nintis/Package-Provider/vendor/laravel/framework/src/Illuminate/Pipeline/Pipeline.php(219): Illuminate/Http/Middleware/TrustProxies->handle(Object(Illuminate/Http/Request), Object(Closure))
#50 D:/nintis/Package-Provider/vendor/laravel/framework/src/Illuminate/Foundation/Http/Middleware/InvokeDeferredCallbacks.php(22): Illuminate/Pipeline/Pipeline->{closure:{closure:Illuminate/Pipeline/Pipeline::carry():194}:195}(Object(Illuminate/Http/Request))
#51 D:/nintis/Package-Provider/vendor/laravel/framework/src/Illuminate/Pipeline/Pipeline.php(219): Illuminate/Foundation/Http/Middleware/InvokeDeferredCallbacks->handle(Object(Illuminate/Http/Request), Object(Closure))
#52 D:/nintis/Package-Provider/vendor/laravel/framework/src/Illuminate/Http/Middleware/ValidatePathEncoding.php(28): Illuminate/Pipeline/Pipeline->{closure:{closure:Illuminate/Pipeline/Pipeline::carry():194}:195}(Object(Illuminate/Http/Request))
#53 D:/nintis/Package-Provider/vendor/laravel/framework/src/Illuminate/Pipeline/Pipeline.php(219): Illuminate/Http/Middleware/ValidatePathEncoding->handle(Object(Illuminate/Http/Request), Object(Closure))
#54 D:/nintis/Package-Provider/vendor/laravel/framework/src/Illuminate/Pipeline/Pipeline.php(137): Illuminate/Pipeline/Pipeline->{closure:{closure:Illuminate/Pipeline/Pipeline::carry():194}:195}(Object(Illuminate/Http/Request))
#55 D:/nintis/Package-Provider/vendor/laravel/framework/src/Illuminate/Foundation/Http/Kernel.php(175): Illuminate/Pipeline/Pipeline->then(Object(Closure))
#56 D:/nintis/Package-Provider/vendor/laravel/framework/src/Illuminate/Foundation/Http/Kernel.php(144): Illuminate/Foundation/Http/Kernel->sendRequestThroughRouter(Object(Illuminate/Http/Request))
#57 D:/nintis/Package-Provider/vendor/laravel/framework/src/Illuminate/Foundation/Application.php(1220): Illuminate/Foundation/Http/Kernel->handle(Object(Illuminate/Http/Request))
#58 D:/nintis/Package-Provider/public/index.php(20): Illuminate/Foundation/Application->handleRequest(Object(Illuminate/Http/Request))
#59 D:/nintis/Package-Provider/vendor/laravel/framework/src/Illuminate/Foundation/resources/server.php(23): require_once('D://nintis//Packa...')
#60 {main}
"} 
[2026-05-13 04:54:30] local.ERROR: NIN\RequestLogAnalyzer\Models\RequestReplay::getSafeHeaders(): Return value must be of type array, string returned (View: D:\nintis\Package-Provider\packages\NIN\RequestLogAnalyzer\resources\views\replay\show.blade.php) {"exception":"[object] (Illuminate\\View\\ViewException(code: 0): NIN\\RequestLogAnalyzer\\Models\\RequestReplay::getSafeHeaders(): Return value must be of type array, string returned (View: D:\\nintis\\Package-Provider\\packages\\NIN\\RequestLogAnalyzer\\resources\\views\\replay\\show.blade.php) at D:/nintis/Package-Provider/packages/NIN/RequestLogAnalyzer/src/Models/RequestReplay.php:127)
[stacktrace]
#0 D:/nintis/Package-Provider/vendor/laravel/framework/src/Illuminate/View/Engines/PhpEngine.php(59): Illuminate/View/Engines/CompilerEngine->handleViewException(Object(TypeError), 1)
#1 D:/nintis/Package-Provider/vendor/laravel/framework/src/Illuminate/View/Engines/CompilerEngine.php(76): Illuminate/View/Engines/PhpEngine->evaluatePath('D://nintis//Packa...', Array)
#2 D:/nintis/Package-Provider/vendor/laravel/framework/src/Illuminate/View/View.php(208): Illuminate/View/Engines/CompilerEngine->get('D://nintis//Packa...', Array)
#3 D:/nintis/Package-Provider/vendor/laravel/framework/src/Illuminate/View/View.php(191): Illuminate/View/View->getContents()
#4 D:/nintis/Package-Provider/vendor/laravel/framework/src/Illuminate/View/View.php(160): Illuminate/View/View->renderContents()
#5 D:/nintis/Package-Provider/vendor/laravel/framework/src/Illuminate/Http/Response.php(78): Illuminate/View/View->render()
#6 D:/nintis/Package-Provider/vendor/laravel/framework/src/Illuminate/Http/Response.php(34): Illuminate/Http/Response->setContent(Object(Illuminate/View/View))
#7 D:/nintis/Package-Provider/vendor/laravel/framework/src/Illuminate/Routing/Router.php(939): Illuminate/Http/Response->__construct(Object(Illuminate/View/View), 200, Array)
#8 D:/nintis/Package-Provider/vendor/laravel/framework/src/Illuminate/Routing/Router.php(906): Illuminate/Routing/Router::toResponse(Object(Illuminate/Http/Request), Object(Illuminate/View/View))
#9 D:/nintis/Package-Provider/vendor/laravel/framework/src/Illuminate/Routing/Router.php(821): Illuminate/Routing/Router->prepareResponse(Object(Illuminate/Http/Request), Object(Illuminate/View/View))
#10 D:/nintis/Package-Provider/vendor/laravel/framework/src/Illuminate/Pipeline/Pipeline.php(180): Illuminate/Routing/Router->{closure:Illuminate/Routing/Router::runRouteWithinStack():821}(Object(Illuminate/Http/Request))
#11 D:/nintis/Package-Provider/vendor/laravel/framework/src/Illuminate/Routing/Middleware/SubstituteBindings.php(52): Illuminate/Pipeline/Pipeline->{closure:Illuminate/Pipeline/Pipeline::prepareDestination():178}(Object(Illuminate/Http/Request))
#12 D:/nintis/Package-Provider/vendor/laravel/framework/src/Illuminate/Pipeline/Pipeline.php(219): Illuminate/Routing/Middleware/SubstituteBindings->handle(Object(Illuminate/Http/Request), Object(Closure))
#13 D:/nintis/Package-Provider/vendor/laravel/framework/src/Illuminate/Foundation/Http/Middleware/PreventRequestForgery.php(104): Illuminate/Pipeline/Pipeline->{closure:{closure:Illuminate/Pipeline/Pipeline::carry():194}:195}(Object(Illuminate/Http/Request))
#14 D:/nintis/Package-Provider/vendor/laravel/framework/src/Illuminate/Pipeline/Pipeline.php(219): Illuminate/Foundation/Http/Middleware/PreventRequestForgery->handle(Object(Illuminate/Http/Request), Object(Closure))
#15 D:/nintis/Package-Provider/vendor/laravel/framework/src/Illuminate/View/Middleware/ShareErrorsFromSession.php(48): Illuminate/Pipeline/Pipeline->{closure:{closure:Illuminate/Pipeline/Pipeline::carry():194}:195}(Object(Illuminate/Http/Request))
#16 D:/nintis/Package-Provider/vendor/laravel/framework/src/Illuminate/Pipeline/Pipeline.php(219): Illuminate/View/Middleware/ShareErrorsFromSession->handle(Object(Illuminate/Http/Request), Object(Closure))
#17 D:/nintis/Package-Provider/vendor/laravel/framework/src/Illuminate/Session/Middleware/StartSession.php(120): Illuminate/Pipeline/Pipeline->{closure:{closure:Illuminate/Pipeline/Pipeline::carry():194}:195}(Object(Illuminate/Http/Request))
#18 D:/nintis/Package-Provider/vendor/laravel/framework/src/Illuminate/Session/Middleware/StartSession.php(63): Illuminate/Session/Middleware/StartSession->handleStatefulRequest(Object(Illuminate/Http/Request), Object(Illuminate/Session/Store), Object(Closure))
#19 D:/nintis/Package-Provider/vendor/laravel/framework/src/Illuminate/Pipeline/Pipeline.php(219): Illuminate/Session/Middleware/StartSession->handle(Object(Illuminate/Http/Request), Object(Closure))
#20 D:/nintis/Package-Provider/vendor/laravel/framework/src/Illuminate/Cookie/Middleware/AddQueuedCookiesToResponse.php(36): Illuminate/Pipeline/Pipeline->{closure:{closure:Illuminate/Pipeline/Pipeline::carry():194}:195}(Object(Illuminate/Http/Request))
#21 D:/nintis/Package-Provider/vendor/laravel/framework/src/Illuminate/Pipeline/Pipeline.php(219): Illuminate/Cookie/Middleware/AddQueuedCookiesToResponse->handle(Object(Illuminate/Http/Request), Object(Closure))
#22 D:/nintis/Package-Provider/vendor/laravel/framework/src/Illuminate/Cookie/Middleware/EncryptCookies.php(74): Illuminate/Pipeline/Pipeline->{closure:{closure:Illuminate/Pipeline/Pipeline::carry():194}:195}(Object(Illuminate/Http/Request))
#23 D:/nintis/Package-Provider/vendor/laravel/framework/src/Illuminate/Pipeline/Pipeline.php(219): Illuminate/Cookie/Middleware/EncryptCookies->handle(Object(Illuminate/Http/Request), Object(Closure))
#24 D:/nintis/Package-Provider/vendor/laravel/framework/src/Illuminate/Pipeline/Pipeline.php(137): Illuminate/Pipeline/Pipeline->{closure:{closure:Illuminate/Pipeline/Pipeline::carry():194}:195}(Object(Illuminate/Http/Request))
#25 D:/nintis/Package-Provider/vendor/laravel/framework/src/Illuminate/Routing/Router.php(821): Illuminate/Pipeline/Pipeline->then(Object(Closure))
#26 D:/nintis/Package-Provider/vendor/laravel/framework/src/Illuminate/Routing/Router.php(800): Illuminate/Routing/Router->runRouteWithinStack(Object(Illuminate/Routing/Route), Object(Illuminate/Http/Request))
#27 D:/nintis/Package-Provider/vendor/laravel/framework/src/Illuminate/Routing/Router.php(764): Illuminate/Routing/Router->runRoute(Object(Illuminate/Http/Request), Object(Illuminate/Routing/Route))
#28 D:/nintis/Package-Provider/vendor/laravel/framework/src/Illuminate/Routing/Router.php(753): Illuminate/Routing/Router->dispatchToRoute(Object(Illuminate/Http/Request))
#29 D:/nintis/Package-Provider/vendor/laravel/framework/src/Illuminate/Foundation/Http/Kernel.php(200): Illuminate/Routing/Router->dispatch(Object(Illuminate/Http/Request))
#30 D:/nintis/Package-Provider/vendor/laravel/framework/src/Illuminate/Pipeline/Pipeline.php(180): Illuminate/Foundation/Http/Kernel->{closure:Illuminate/Foundation/Http/Kernel::dispatchToRouter():197}(Object(Illuminate/Http/Request))
#31 D:/nintis/Package-Provider/packages/NIN/RequestLogAnalyzer/src/Http/Middleware/TrackRequest.php(102): Illuminate/Pipeline/Pipeline->{closure:Illuminate/Pipeline/Pipeline::prepareDestination():178}(Object(Illuminate/Http/Request))
#32 D:/nintis/Package-Provider/vendor/laravel/framework/src/Illuminate/Pipeline/Pipeline.php(219): NIN/RequestLogAnalyzer/Http/Middleware/TrackRequest->handle(Object(Illuminate/Http/Request), Object(Closure))
#33 D:/nintis/Package-Provider/vendor/laravel/framework/src/Illuminate/Foundation/Http/Middleware/TransformsRequest.php(21): Illuminate/Pipeline/Pipeline->{closure:{closure:Illuminate/Pipeline/Pipeline::carry():194}:195}(Object(Illuminate/Http/Request))
#34 D:/nintis/Package-Provider/vendor/laravel/framework/src/Illuminate/Foundation/Http/Middleware/ConvertEmptyStringsToNull.php(31): Illuminate/Foundation/Http/Middleware/TransformsRequest->handle(Object(Illuminate/Http/Request), Object(Closure))
#35 D:/nintis/Package-Provider/vendor/laravel/framework/src/Illuminate/Pipeline/Pipeline.php(219): Illuminate/Foundation/Http/Middleware/ConvertEmptyStringsToNull->handle(Object(Illuminate/Http/Request), Object(Closure))
#36 D:/nintis/Package-Provider/vendor/laravel/framework/src/Illuminate/Foundation/Http/Middleware/TransformsRequest.php(21): Illuminate/Pipeline/Pipeline->{closure:{closure:Illuminate/Pipeline/Pipeline::carry():194}:195}(Object(Illuminate/Http/Request))
#37 D:/nintis/Package-Provider/vendor/laravel/framework/src/Illuminate/Foundation/Http/Middleware/TrimStrings.php(51): Illuminate/Foundation/Http/Middleware/TransformsRequest->handle(Object(Illuminate/Http/Request), Object(Closure))
#38 D:/nintis/Package-Provider/vendor/laravel/framework/src/Illuminate/Pipeline/Pipeline.php(219): Illuminate/Foundation/Http/Middleware/TrimStrings->handle(Object(Illuminate/Http/Request), Object(Closure))
#39 D:/nintis/Package-Provider/vendor/laravel/framework/src/Illuminate/Http/Middleware/ValidatePostSize.php(27): Illuminate/Pipeline/Pipeline->{closure:{closure:Illuminate/Pipeline/Pipeline::carry():194}:195}(Object(Illuminate/Http/Request))
#40 D:/nintis/Package-Provider/vendor/laravel/framework/src/Illuminate/Pipeline/Pipeline.php(219): Illuminate/Http/Middleware/ValidatePostSize->handle(Object(Illuminate/Http/Request), Object(Closure))
#41 D:/nintis/Package-Provider/vendor/laravel/framework/src/Illuminate/Foundation/Http/Middleware/PreventRequestsDuringMaintenance.php(109): Illuminate/Pipeline/Pipeline->{closure:{closure:Illuminate/Pipeline/Pipeline::carry():194}:195}(Object(Illuminate/Http/Request))
#42 D:/nintis/Package-Provider/vendor/laravel/framework/src/Illuminate/Pipeline/Pipeline.php(219): Illuminate/Foundation/Http/Middleware/PreventRequestsDuringMaintenance->handle(Object(Illuminate/Http/Request), Object(Closure))
#43 D:/nintis/Package-Provider/vendor/laravel/framework/src/Illuminate/Http/Middleware/HandleCors.php(61): Illuminate/Pipeline/Pipeline->{closure:{closure:Illuminate/Pipeline/Pipeline::carry():194}:195}(Object(Illuminate/Http/Request))
#44 D:/nintis/Package-Provider/vendor/laravel/framework/src/Illuminate/Pipeline/Pipeline.php(219): Illuminate/Http/Middleware/HandleCors->handle(Object(Illuminate/Http/Request), Object(Closure))
#45 D:/nintis/Package-Provider/vendor/laravel/framework/src/Illuminate/Http/Middleware/TrustProxies.php(58): Illuminate/Pipeline/Pipeline->{closure:{closure:Illuminate/Pipeline/Pipeline::carry():194}:195}(Object(Illuminate/Http/Request))
#46 D:/nintis/Package-Provider/vendor/laravel/framework/src/Illuminate/Pipeline/Pipeline.php(219): Illuminate/Http/Middleware/TrustProxies->handle(Object(Illuminate/Http/Request), Object(Closure))
#47 D:/nintis/Package-Provider/vendor/laravel/framework/src/Illuminate/Foundation/Http/Middleware/InvokeDeferredCallbacks.php(22): Illuminate/Pipeline/Pipeline->{closure:{closure:Illuminate/Pipeline/Pipeline::carry():194}:195}(Object(Illuminate/Http/Request))
#48 D:/nintis/Package-Provider/vendor/laravel/framework/src/Illuminate/Pipeline/Pipeline.php(219): Illuminate/Foundation/Http/Middleware/InvokeDeferredCallbacks->handle(Object(Illuminate/Http/Request), Object(Closure))
#49 D:/nintis/Package-Provider/vendor/laravel/framework/src/Illuminate/Http/Middleware/ValidatePathEncoding.php(28): Illuminate/Pipeline/Pipeline->{closure:{closure:Illuminate/Pipeline/Pipeline::carry():194}:195}(Object(Illuminate/Http/Request))
#50 D:/nintis/Package-Provider/vendor/laravel/framework/src/Illuminate/Pipeline/Pipeline.php(219): Illuminate/Http/Middleware/ValidatePathEncoding->handle(Object(Illuminate/Http/Request), Object(Closure))
#51 D:/nintis/Package-Provider/vendor/laravel/framework/src/Illuminate/Pipeline/Pipeline.php(137): Illuminate/Pipeline/Pipeline->{closure:{closure:Illuminate/Pipeline/Pipeline::carry():194}:195}(Object(Illuminate/Http/Request))
#52 D:/nintis/Package-Provider/vendor/laravel/framework/src/Illuminate/Foundation/Http/Kernel.php(175): Illuminate/Pipeline/Pipeline->then(Object(Closure))
#53 D:/nintis/Package-Provider/vendor/laravel/framework/src/Illuminate/Foundation/Http/Kernel.php(144): Illuminate/Foundation/Http/Kernel->sendRequestThroughRouter(Object(Illuminate/Http/Request))
#54 D:/nintis/Package-Provider/vendor/laravel/framework/src/Illuminate/Foundation/Application.php(1220): Illuminate/Foundation/Http/Kernel->handle(Object(Illuminate/Http/Request))
#55 D:/nintis/Package-Provider/public/index.php(20): Illuminate/Foundation/Application->handleRequest(Object(Illuminate/Http/Request))
#56 D:/nintis/Package-Provider/vendor/laravel/framework/src/Illuminate/Foundation/resources/server.php(23): require_once('D://nintis//Packa...')
#57 {main}

[previous exception] [object] (TypeError(code: 0): NIN\\RequestLogAnalyzer\\Models\\RequestReplay::getSafeHeaders(): Return value must be of type array, string returned at D:/nintis/Package-Provider/packages/NIN/RequestLogAnalyzer/src/Models/RequestReplay.php:127)
[stacktrace]
#0 D:/nintis/Package-Provider/storage/framework/views/a4e6d00200ef323068b3230746d8642f.php(161): NIN/RequestLogAnalyzer/Models/RequestReplay->getSafeHeaders()
#1 D:/nintis/Package-Provider/vendor/laravel/framework/src/Illuminate/Filesystem/Filesystem.php(123): require('D://nintis//Packa...')
#2 D:/nintis/Package-Provider/vendor/laravel/framework/src/Illuminate/Filesystem/Filesystem.php(124): Illuminate/Filesystem/Filesystem::{closure:Illuminate/Filesystem/Filesystem::getRequire():120}()
#3 D:/nintis/Package-Provider/vendor/laravel/framework/src/Illuminate/View/Engines/PhpEngine.php(57): Illuminate/Filesystem/Filesystem->getRequire('D://nintis//Packa...', Array)
#4 D:/nintis/Package-Provider/vendor/laravel/framework/src/Illuminate/View/Engines/CompilerEngine.php(76): Illuminate/View/Engines/PhpEngine->evaluatePath('D://nintis//Packa...', Array)
#5 D:/nintis/Package-Provider/vendor/laravel/framework/src/Illuminate/View/View.php(208): Illuminate/View/Engines/CompilerEngine->get('D://nintis//Packa...', Array)
#6 D:/nintis/Package-Provider/vendor/laravel/framework/src/Illuminate/View/View.php(191): Illuminate/View/View->getContents()
#7 D:/nintis/Package-Provider/vendor/laravel/framework/src/Illuminate/View/View.php(160): Illuminate/View/View->renderContents()
#8 D:/nintis/Package-Provider/vendor/laravel/framework/src/Illuminate/Http/Response.php(78): Illuminate/View/View->render()
#9 D:/nintis/Package-Provider/vendor/laravel/framework/src/Illuminate/Http/Response.php(34): Illuminate/Http/Response->setContent(Object(Illuminate/View/View))
#10 D:/nintis/Package-Provider/vendor/laravel/framework/src/Illuminate/Routing/Router.php(939): Illuminate/Http/Response->__construct(Object(Illuminate/View/View), 200, Array)
#11 D:/nintis/Package-Provider/vendor/laravel/framework/src/Illuminate/Routing/Router.php(906): Illuminate/Routing/Router::toResponse(Object(Illuminate/Http/Request), Object(Illuminate/View/View))
#12 D:/nintis/Package-Provider/vendor/laravel/framework/src/Illuminate/Routing/Router.php(821): Illuminate/Routing/Router->prepareResponse(Object(Illuminate/Http/Request), Object(Illuminate/View/View))
#13 D:/nintis/Package-Provider/vendor/laravel/framework/src/Illuminate/Pipeline/Pipeline.php(180): Illuminate/Routing/Router->{closure:Illuminate/Routing/Router::runRouteWithinStack():821}(Object(Illuminate/Http/Request))
#14 D:/nintis/Package-Provider/vendor/laravel/framework/src/Illuminate/Routing/Middleware/SubstituteBindings.php(52): Illuminate/Pipeline/Pipeline->{closure:Illuminate/Pipeline/Pipeline::prepareDestination():178}(Object(Illuminate/Http/Request))
#15 D:/nintis/Package-Provider/vendor/laravel/framework/src/Illuminate/Pipeline/Pipeline.php(219): Illuminate/Routing/Middleware/SubstituteBindings->handle(Object(Illuminate/Http/Request), Object(Closure))
#16 D:/nintis/Package-Provider/vendor/laravel/framework/src/Illuminate/Foundation/Http/Middleware/PreventRequestForgery.php(104): Illuminate/Pipeline/Pipeline->{closure:{closure:Illuminate/Pipeline/Pipeline::carry():194}:195}(Object(Illuminate/Http/Request))
#17 D:/nintis/Package-Provider/vendor/laravel/framework/src/Illuminate/Pipeline/Pipeline.php(219): Illuminate/Foundation/Http/Middleware/PreventRequestForgery->handle(Object(Illuminate/Http/Request), Object(Closure))
#18 D:/nintis/Package-Provider/vendor/laravel/framework/src/Illuminate/View/Middleware/ShareErrorsFromSession.php(48): Illuminate/Pipeline/Pipeline->{closure:{closure:Illuminate/Pipeline/Pipeline::carry():194}:195}(Object(Illuminate/Http/Request))
#19 D:/nintis/Package-Provider/vendor/laravel/framework/src/Illuminate/Pipeline/Pipeline.php(219): Illuminate/View/Middleware/ShareErrorsFromSession->handle(Object(Illuminate/Http/Request), Object(Closure))
#20 D:/nintis/Package-Provider/vendor/laravel/framework/src/Illuminate/Session/Middleware/StartSession.php(120): Illuminate/Pipeline/Pipeline->{closure:{closure:Illuminate/Pipeline/Pipeline::carry():194}:195}(Object(Illuminate/Http/Request))
#21 D:/nintis/Package-Provider/vendor/laravel/framework/src/Illuminate/Session/Middleware/StartSession.php(63): Illuminate/Session/Middleware/StartSession->handleStatefulRequest(Object(Illuminate/Http/Request), Object(Illuminate/Session/Store), Object(Closure))
#22 D:/nintis/Package-Provider/vendor/laravel/framework/src/Illuminate/Pipeline/Pipeline.php(219): Illuminate/Session/Middleware/StartSession->handle(Object(Illuminate/Http/Request), Object(Closure))
#23 D:/nintis/Package-Provider/vendor/laravel/framework/src/Illuminate/Cookie/Middleware/AddQueuedCookiesToResponse.php(36): Illuminate/Pipeline/Pipeline->{closure:{closure:Illuminate/Pipeline/Pipeline::carry():194}:195}(Object(Illuminate/Http/Request))
#24 D:/nintis/Package-Provider/vendor/laravel/framework/src/Illuminate/Pipeline/Pipeline.php(219): Illuminate/Cookie/Middleware/AddQueuedCookiesToResponse->handle(Object(Illuminate/Http/Request), Object(Closure))
#25 D:/nintis/Package-Provider/vendor/laravel/framework/src/Illuminate/Cookie/Middleware/EncryptCookies.php(74): Illuminate/Pipeline/Pipeline->{closure:{closure:Illuminate/Pipeline/Pipeline::carry():194}:195}(Object(Illuminate/Http/Request))
#26 D:/nintis/Package-Provider/vendor/laravel/framework/src/Illuminate/Pipeline/Pipeline.php(219): Illuminate/Cookie/Middleware/EncryptCookies->handle(Object(Illuminate/Http/Request), Object(Closure))
#27 D:/nintis/Package-Provider/vendor/laravel/framework/src/Illuminate/Pipeline/Pipeline.php(137): Illuminate/Pipeline/Pipeline->{closure:{closure:Illuminate/Pipeline/Pipeline::carry():194}:195}(Object(Illuminate/Http/Request))
#28 D:/nintis/Package-Provider/vendor/laravel/framework/src/Illuminate/Routing/Router.php(821): Illuminate/Pipeline/Pipeline->then(Object(Closure))
#29 D:/nintis/Package-Provider/vendor/laravel/framework/src/Illuminate/Routing/Router.php(800): Illuminate/Routing/Router->runRouteWithinStack(Object(Illuminate/Routing/Route), Object(Illuminate/Http/Request))
#30 D:/nintis/Package-Provider/vendor/laravel/framework/src/Illuminate/Routing/Router.php(764): Illuminate/Routing/Router->runRoute(Object(Illuminate/Http/Request), Object(Illuminate/Routing/Route))
#31 D:/nintis/Package-Provider/vendor/laravel/framework/src/Illuminate/Routing/Router.php(753): Illuminate/Routing/Router->dispatchToRoute(Object(Illuminate/Http/Request))
#32 D:/nintis/Package-Provider/vendor/laravel/framework/src/Illuminate/Foundation/Http/Kernel.php(200): Illuminate/Routing/Router->dispatch(Object(Illuminate/Http/Request))
#33 D:/nintis/Package-Provider/vendor/laravel/framework/src/Illuminate/Pipeline/Pipeline.php(180): Illuminate/Foundation/Http/Kernel->{closure:Illuminate/Foundation/Http/Kernel::dispatchToRouter():197}(Object(Illuminate/Http/Request))
#34 D:/nintis/Package-Provider/packages/NIN/RequestLogAnalyzer/src/Http/Middleware/TrackRequest.php(102): Illuminate/Pipeline/Pipeline->{closure:Illuminate/Pipeline/Pipeline::prepareDestination():178}(Object(Illuminate/Http/Request))
#35 D:/nintis/Package-Provider/vendor/laravel/framework/src/Illuminate/Pipeline/Pipeline.php(219): NIN/RequestLogAnalyzer/Http/Middleware/TrackRequest->handle(Object(Illuminate/Http/Request), Object(Closure))
#36 D:/nintis/Package-Provider/vendor/laravel/framework/src/Illuminate/Foundation/Http/Middleware/TransformsRequest.php(21): Illuminate/Pipeline/Pipeline->{closure:{closure:Illuminate/Pipeline/Pipeline::carry():194}:195}(Object(Illuminate/Http/Request))
#37 D:/nintis/Package-Provider/vendor/laravel/framework/src/Illuminate/Foundation/Http/Middleware/ConvertEmptyStringsToNull.php(31): Illuminate/Foundation/Http/Middleware/TransformsRequest->handle(Object(Illuminate/Http/Request), Object(Closure))
#38 D:/nintis/Package-Provider/vendor/laravel/framework/src/Illuminate/Pipeline/Pipeline.php(219): Illuminate/Foundation/Http/Middleware/ConvertEmptyStringsToNull->handle(Object(Illuminate/Http/Request), Object(Closure))
#39 D:/nintis/Package-Provider/vendor/laravel/framework/src/Illuminate/Foundation/Http/Middleware/TransformsRequest.php(21): Illuminate/Pipeline/Pipeline->{closure:{closure:Illuminate/Pipeline/Pipeline::carry():194}:195}(Object(Illuminate/Http/Request))
#40 D:/nintis/Package-Provider/vendor/laravel/framework/src/Illuminate/Foundation/Http/Middleware/TrimStrings.php(51): Illuminate/Foundation/Http/Middleware/TransformsRequest->handle(Object(Illuminate/Http/Request), Object(Closure))
#41 D:/nintis/Package-Provider/vendor/laravel/framework/src/Illuminate/Pipeline/Pipeline.php(219): Illuminate/Foundation/Http/Middleware/TrimStrings->handle(Object(Illuminate/Http/Request), Object(Closure))
#42 D:/nintis/Package-Provider/vendor/laravel/framework/src/Illuminate/Http/Middleware/ValidatePostSize.php(27): Illuminate/Pipeline/Pipeline->{closure:{closure:Illuminate/Pipeline/Pipeline::carry():194}:195}(Object(Illuminate/Http/Request))
#43 D:/nintis/Package-Provider/vendor/laravel/framework/src/Illuminate/Pipeline/Pipeline.php(219): Illuminate/Http/Middleware/ValidatePostSize->handle(Object(Illuminate/Http/Request), Object(Closure))
#44 D:/nintis/Package-Provider/vendor/laravel/framework/src/Illuminate/Foundation/Http/Middleware/PreventRequestsDuringMaintenance.php(109): Illuminate/Pipeline/Pipeline->{closure:{closure:Illuminate/Pipeline/Pipeline::carry():194}:195}(Object(Illuminate/Http/Request))
#45 D:/nintis/Package-Provider/vendor/laravel/framework/src/Illuminate/Pipeline/Pipeline.php(219): Illuminate/Foundation/Http/Middleware/PreventRequestsDuringMaintenance->handle(Object(Illuminate/Http/Request), Object(Closure))
#46 D:/nintis/Package-Provider/vendor/laravel/framework/src/Illuminate/Http/Middleware/HandleCors.php(61): Illuminate/Pipeline/Pipeline->{closure:{closure:Illuminate/Pipeline/Pipeline::carry():194}:195}(Object(Illuminate/Http/Request))
#47 D:/nintis/Package-Provider/vendor/laravel/framework/src/Illuminate/Pipeline/Pipeline.php(219): Illuminate/Http/Middleware/HandleCors->handle(Object(Illuminate/Http/Request), Object(Closure))
#48 D:/nintis/Package-Provider/vendor/laravel/framework/src/Illuminate/Http/Middleware/TrustProxies.php(58): Illuminate/Pipeline/Pipeline->{closure:{closure:Illuminate/Pipeline/Pipeline::carry():194}:195}(Object(Illuminate/Http/Request))
#49 D:/nintis/Package-Provider/vendor/laravel/framework/src/Illuminate/Pipeline/Pipeline.php(219): Illuminate/Http/Middleware/TrustProxies->handle(Object(Illuminate/Http/Request), Object(Closure))
#50 D:/nintis/Package-Provider/vendor/laravel/framework/src/Illuminate/Foundation/Http/Middleware/InvokeDeferredCallbacks.php(22): Illuminate/Pipeline/Pipeline->{closure:{closure:Illuminate/Pipeline/Pipeline::carry():194}:195}(Object(Illuminate/Http/Request))
#51 D:/nintis/Package-Provider/vendor/laravel/framework/src/Illuminate/Pipeline/Pipeline.php(219): Illuminate/Foundation/Http/Middleware/InvokeDeferredCallbacks->handle(Object(Illuminate/Http/Request), Object(Closure))
#52 D:/nintis/Package-Provider/vendor/laravel/framework/src/Illuminate/Http/Middleware/ValidatePathEncoding.php(28): Illuminate/Pipeline/Pipeline->{closure:{closure:Illuminate/Pipeline/Pipeline::carry():194}:195}(Object(Illuminate/Http/Request))
#53 D:/nintis/Package-Provider/vendor/laravel/framework/src/Illuminate/Pipeline/Pipeline.php(219): Illuminate/Http/Middleware/ValidatePathEncoding->handle(Object(Illuminate/Http/Request), Object(Closure))
#54 D:/nintis/Package-Provider/vendor/laravel/framework/src/Illuminate/Pipeline/Pipeline.php(137): Illuminate/Pipeline/Pipeline->{closure:{closure:Illuminate/Pipeline/Pipeline::carry():194}:195}(Object(Illuminate/Http/Request))
#55 D:/nintis/Package-Provider/vendor/laravel/framework/src/Illuminate/Foundation/Http/Kernel.php(175): Illuminate/Pipeline/Pipeline->then(Object(Closure))
#56 D:/nintis/Package-Provider/vendor/laravel/framework/src/Illuminate/Foundation/Http/Kernel.php(144): Illuminate/Foundation/Http/Kernel->sendRequestThroughRouter(Object(Illuminate/Http/Request))
#57 D:/nintis/Package-Provider/vendor/laravel/framework/src/Illuminate/Foundation/Application.php(1220): Illuminate/Foundation/Http/Kernel->handle(Object(Illuminate/Http/Request))
#58 D:/nintis/Package-Provider/public/index.php(20): Illuminate/Foundation/Application->handleRequest(Object(Illuminate/Http/Request))
#59 D:/nintis/Package-Provider/vendor/laravel/framework/src/Illuminate/Foundation/resources/server.php(23): require_once('D://nintis//Packa...')
#60 {main}
"} 
[2026-05-13 04:55:03] local.ERROR: NIN\RequestLogAnalyzer\Models\RequestReplay::getSafeHeaders(): Return value must be of type array, string returned (View: D:\nintis\Package-Provider\packages\NIN\RequestLogAnalyzer\resources\views\replay\show.blade.php) {"exception":"[object] (Illuminate\\View\\ViewException(code: 0): NIN\\RequestLogAnalyzer\\Models\\RequestReplay::getSafeHeaders(): Return value must be of type array, string returned (View: D:\\nintis\\Package-Provider\\packages\\NIN\\RequestLogAnalyzer\\resources\\views\\replay\\show.blade.php) at D:/nintis/Package-Provider/packages/NIN/RequestLogAnalyzer/src/Models/RequestReplay.php:127)
[stacktrace]
#0 D:/nintis/Package-Provider/vendor/laravel/framework/src/Illuminate/View/Engines/PhpEngine.php(59): Illuminate/View/Engines/CompilerEngine->handleViewException(Object(TypeError), 1)
#1 D:/nintis/Package-Provider/vendor/laravel/framework/src/Illuminate/View/Engines/CompilerEngine.php(76): Illuminate/View/Engines/PhpEngine->evaluatePath('D://nintis//Packa...', Array)
#2 D:/nintis/Package-Provider/vendor/laravel/framework/src/Illuminate/View/View.php(208): Illuminate/View/Engines/CompilerEngine->get('D://nintis//Packa...', Array)
#3 D:/nintis/Package-Provider/vendor/laravel/framework/src/Illuminate/View/View.php(191): Illuminate/View/View->getContents()
#4 D:/nintis/Package-Provider/vendor/laravel/framework/src/Illuminate/View/View.php(160): Illuminate/View/View->renderContents()
#5 D:/nintis/Package-Provider/vendor/laravel/framework/src/Illuminate/Http/Response.php(78): Illuminate/View/View->render()
#6 D:/nintis/Package-Provider/vendor/laravel/framework/src/Illuminate/Http/Response.php(34): Illuminate/Http/Response->setContent(Object(Illuminate/View/View))
#7 D:/nintis/Package-Provider/vendor/laravel/framework/src/Illuminate/Routing/Router.php(939): Illuminate/Http/Response->__construct(Object(Illuminate/View/View), 200, Array)
#8 D:/nintis/Package-Provider/vendor/laravel/framework/src/Illuminate/Routing/Router.php(906): Illuminate/Routing/Router::toResponse(Object(Illuminate/Http/Request), Object(Illuminate/View/View))
#9 D:/nintis/Package-Provider/vendor/laravel/framework/src/Illuminate/Routing/Router.php(821): Illuminate/Routing/Router->prepareResponse(Object(Illuminate/Http/Request), Object(Illuminate/View/View))
#10 D:/nintis/Package-Provider/vendor/laravel/framework/src/Illuminate/Pipeline/Pipeline.php(180): Illuminate/Routing/Router->{closure:Illuminate/Routing/Router::runRouteWithinStack():821}(Object(Illuminate/Http/Request))
#11 D:/nintis/Package-Provider/vendor/laravel/framework/src/Illuminate/Routing/Middleware/SubstituteBindings.php(52): Illuminate/Pipeline/Pipeline->{closure:Illuminate/Pipeline/Pipeline::prepareDestination():178}(Object(Illuminate/Http/Request))
#12 D:/nintis/Package-Provider/vendor/laravel/framework/src/Illuminate/Pipeline/Pipeline.php(219): Illuminate/Routing/Middleware/SubstituteBindings->handle(Object(Illuminate/Http/Request), Object(Closure))
#13 D:/nintis/Package-Provider/vendor/laravel/framework/src/Illuminate/Foundation/Http/Middleware/PreventRequestForgery.php(104): Illuminate/Pipeline/Pipeline->{closure:{closure:Illuminate/Pipeline/Pipeline::carry():194}:195}(Object(Illuminate/Http/Request))
#14 D:/nintis/Package-Provider/vendor/laravel/framework/src/Illuminate/Pipeline/Pipeline.php(219): Illuminate/Foundation/Http/Middleware/PreventRequestForgery->handle(Object(Illuminate/Http/Request), Object(Closure))
#15 D:/nintis/Package-Provider/vendor/laravel/framework/src/Illuminate/View/Middleware/ShareErrorsFromSession.php(48): Illuminate/Pipeline/Pipeline->{closure:{closure:Illuminate/Pipeline/Pipeline::carry():194}:195}(Object(Illuminate/Http/Request))
#16 D:/nintis/Package-Provider/vendor/laravel/framework/src/Illuminate/Pipeline/Pipeline.php(219): Illuminate/View/Middleware/ShareErrorsFromSession->handle(Object(Illuminate/Http/Request), Object(Closure))
#17 D:/nintis/Package-Provider/vendor/laravel/framework/src/Illuminate/Session/Middleware/StartSession.php(120): Illuminate/Pipeline/Pipeline->{closure:{closure:Illuminate/Pipeline/Pipeline::carry():194}:195}(Object(Illuminate/Http/Request))
#18 D:/nintis/Package-Provider/vendor/laravel/framework/src/Illuminate/Session/Middleware/StartSession.php(63): Illuminate/Session/Middleware/StartSession->handleStatefulRequest(Object(Illuminate/Http/Request), Object(Illuminate/Session/Store), Object(Closure))
#19 D:/nintis/Package-Provider/vendor/laravel/framework/src/Illuminate/Pipeline/Pipeline.php(219): Illuminate/Session/Middleware/StartSession->handle(Object(Illuminate/Http/Request), Object(Closure))
#20 D:/nintis/Package-Provider/vendor/laravel/framework/src/Illuminate/Cookie/Middleware/AddQueuedCookiesToResponse.php(36): Illuminate/Pipeline/Pipeline->{closure:{closure:Illuminate/Pipeline/Pipeline::carry():194}:195}(Object(Illuminate/Http/Request))
#21 D:/nintis/Package-Provider/vendor/laravel/framework/src/Illuminate/Pipeline/Pipeline.php(219): Illuminate/Cookie/Middleware/AddQueuedCookiesToResponse->handle(Object(Illuminate/Http/Request), Object(Closure))
#22 D:/nintis/Package-Provider/vendor/laravel/framework/src/Illuminate/Cookie/Middleware/EncryptCookies.php(74): Illuminate/Pipeline/Pipeline->{closure:{closure:Illuminate/Pipeline/Pipeline::carry():194}:195}(Object(Illuminate/Http/Request))
#23 D:/nintis/Package-Provider/vendor/laravel/framework/src/Illuminate/Pipeline/Pipeline.php(219): Illuminate/Cookie/Middleware/EncryptCookies->handle(Object(Illuminate/Http/Request), Object(Closure))
#24 D:/nintis/Package-Provider/vendor/laravel/framework/src/Illuminate/Pipeline/Pipeline.php(137): Illuminate/Pipeline/Pipeline->{closure:{closure:Illuminate/Pipeline/Pipeline::carry():194}:195}(Object(Illuminate/Http/Request))
#25 D:/nintis/Package-Provider/vendor/laravel/framework/src/Illuminate/Routing/Router.php(821): Illuminate/Pipeline/Pipeline->then(Object(Closure))
#26 D:/nintis/Package-Provider/vendor/laravel/framework/src/Illuminate/Routing/Router.php(800): Illuminate/Routing/Router->runRouteWithinStack(Object(Illuminate/Routing/Route), Object(Illuminate/Http/Request))
#27 D:/nintis/Package-Provider/vendor/laravel/framework/src/Illuminate/Routing/Router.php(764): Illuminate/Routing/Router->runRoute(Object(Illuminate/Http/Request), Object(Illuminate/Routing/Route))
#28 D:/nintis/Package-Provider/vendor/laravel/framework/src/Illuminate/Routing/Router.php(753): Illuminate/Routing/Router->dispatchToRoute(Object(Illuminate/Http/Request))
#29 D:/nintis/Package-Provider/vendor/laravel/framework/src/Illuminate/Foundation/Http/Kernel.php(200): Illuminate/Routing/Router->dispatch(Object(Illuminate/Http/Request))
#30 D:/nintis/Package-Provider/vendor/laravel/framework/src/Illuminate/Pipeline/Pipeline.php(180): Illuminate/Foundation/Http/Kernel->{closure:Illuminate/Foundation/Http/Kernel::dispatchToRouter():197}(Object(Illuminate/Http/Request))
#31 D:/nintis/Package-Provider/packages/NIN/RequestLogAnalyzer/src/Http/Middleware/TrackRequest.php(102): Illuminate/Pipeline/Pipeline->{closure:Illuminate/Pipeline/Pipeline::prepareDestination():178}(Object(Illuminate/Http/Request))
#32 D:/nintis/Package-Provider/vendor/laravel/framework/src/Illuminate/Pipeline/Pipeline.php(219): NIN/RequestLogAnalyzer/Http/Middleware/TrackRequest->handle(Object(Illuminate/Http/Request), Object(Closure))
#33 D:/nintis/Package-Provider/vendor/laravel/framework/src/Illuminate/Foundation/Http/Middleware/TransformsRequest.php(21): Illuminate/Pipeline/Pipeline->{closure:{closure:Illuminate/Pipeline/Pipeline::carry():194}:195}(Object(Illuminate/Http/Request))
#34 D:/nintis/Package-Provider/vendor/laravel/framework/src/Illuminate/Foundation/Http/Middleware/ConvertEmptyStringsToNull.php(31): Illuminate/Foundation/Http/Middleware/TransformsRequest->handle(Object(Illuminate/Http/Request), Object(Closure))
#35 D:/nintis/Package-Provider/vendor/laravel/framework/src/Illuminate/Pipeline/Pipeline.php(219): Illuminate/Foundation/Http/Middleware/ConvertEmptyStringsToNull->handle(Object(Illuminate/Http/Request), Object(Closure))
#36 D:/nintis/Package-Provider/vendor/laravel/framework/src/Illuminate/Foundation/Http/Middleware/TransformsRequest.php(21): Illuminate/Pipeline/Pipeline->{closure:{closure:Illuminate/Pipeline/Pipeline::carry():194}:195}(Object(Illuminate/Http/Request))
#37 D:/nintis/Package-Provider/vendor/laravel/framework/src/Illuminate/Foundation/Http/Middleware/TrimStrings.php(51): Illuminate/Foundation/Http/Middleware/TransformsRequest->handle(Object(Illuminate/Http/Request), Object(Closure))
#38 D:/nintis/Package-Provider/vendor/laravel/framework/src/Illuminate/Pipeline/Pipeline.php(219): Illuminate/Foundation/Http/Middleware/TrimStrings->handle(Object(Illuminate/Http/Request), Object(Closure))
#39 D:/nintis/Package-Provider/vendor/laravel/framework/src/Illuminate/Http/Middleware/ValidatePostSize.php(27): Illuminate/Pipeline/Pipeline->{closure:{closure:Illuminate/Pipeline/Pipeline::carry():194}:195}(Object(Illuminate/Http/Request))
#40 D:/nintis/Package-Provider/vendor/laravel/framework/src/Illuminate/Pipeline/Pipeline.php(219): Illuminate/Http/Middleware/ValidatePostSize->handle(Object(Illuminate/Http/Request), Object(Closure))
#41 D:/nintis/Package-Provider/vendor/laravel/framework/src/Illuminate/Foundation/Http/Middleware/PreventRequestsDuringMaintenance.php(109): Illuminate/Pipeline/Pipeline->{closure:{closure:Illuminate/Pipeline/Pipeline::carry():194}:195}(Object(Illuminate/Http/Request))
#42 D:/nintis/Package-Provider/vendor/laravel/framework/src/Illuminate/Pipeline/Pipeline.php(219): Illuminate/Foundation/Http/Middleware/PreventRequestsDuringMaintenance->handle(Object(Illuminate/Http/Request), Object(Closure))
#43 D:/nintis/Package-Provider/vendor/laravel/framework/src/Illuminate/Http/Middleware/HandleCors.php(61): Illuminate/Pipeline/Pipeline->{closure:{closure:Illuminate/Pipeline/Pipeline::carry():194}:195}(Object(Illuminate/Http/Request))
#44 D:/nintis/Package-Provider/vendor/laravel/framework/src/Illuminate/Pipeline/Pipeline.php(219): Illuminate/Http/Middleware/HandleCors->handle(Object(Illuminate/Http/Request), Object(Closure))
#45 D:/nintis/Package-Provider/vendor/laravel/framework/src/Illuminate/Http/Middleware/TrustProxies.php(58): Illuminate/Pipeline/Pipeline->{closure:{closure:Illuminate/Pipeline/Pipeline::carry():194}:195}(Object(Illuminate/Http/Request))
#46 D:/nintis/Package-Provider/vendor/laravel/framework/src/Illuminate/Pipeline/Pipeline.php(219): Illuminate/Http/Middleware/TrustProxies->handle(Object(Illuminate/Http/Request), Object(Closure))
#47 D:/nintis/Package-Provider/vendor/laravel/framework/src/Illuminate/Foundation/Http/Middleware/InvokeDeferredCallbacks.php(22): Illuminate/Pipeline/Pipeline->{closure:{closure:Illuminate/Pipeline/Pipeline::carry():194}:195}(Object(Illuminate/Http/Request))
#48 D:/nintis/Package-Provider/vendor/laravel/framework/src/Illuminate/Pipeline/Pipeline.php(219): Illuminate/Foundation/Http/Middleware/InvokeDeferredCallbacks->handle(Object(Illuminate/Http/Request), Object(Closure))
#49 D:/nintis/Package-Provider/vendor/laravel/framework/src/Illuminate/Http/Middleware/ValidatePathEncoding.php(28): Illuminate/Pipeline/Pipeline->{closure:{closure:Illuminate/Pipeline/Pipeline::carry():194}:195}(Object(Illuminate/Http/Request))
#50 D:/nintis/Package-Provider/vendor/laravel/framework/src/Illuminate/Pipeline/Pipeline.php(219): Illuminate/Http/Middleware/ValidatePathEncoding->handle(Object(Illuminate/Http/Request), Object(Closure))
#51 D:/nintis/Package-Provider/vendor/laravel/framework/src/Illuminate/Pipeline/Pipeline.php(137): Illuminate/Pipeline/Pipeline->{closure:{closure:Illuminate/Pipeline/Pipeline::carry():194}:195}(Object(Illuminate/Http/Request))
#52 D:/nintis/Package-Provider/vendor/laravel/framework/src/Illuminate/Foundation/Http/Kernel.php(175): Illuminate/Pipeline/Pipeline->then(Object(Closure))
#53 D:/nintis/Package-Provider/vendor/laravel/framework/src/Illuminate/Foundation/Http/Kernel.php(144): Illuminate/Foundation/Http/Kernel->sendRequestThroughRouter(Object(Illuminate/Http/Request))
#54 D:/nintis/Package-Provider/vendor/laravel/framework/src/Illuminate/Foundation/Application.php(1220): Illuminate/Foundation/Http/Kernel->handle(Object(Illuminate/Http/Request))
#55 D:/nintis/Package-Provider/public/index.php(20): Illuminate/Foundation/Application->handleRequest(Object(Illuminate/Http/Request))
#56 D:/nintis/Package-Provider/vendor/laravel/framework/src/Illuminate/Foundation/resources/server.php(23): require_once('D://nintis//Packa...')
#57 {main}

[previous exception] [object] (TypeError(code: 0): NIN\\RequestLogAnalyzer\\Models\\RequestReplay::getSafeHeaders(): Return value must be of type array, string returned at D:/nintis/Package-Provider/packages/NIN/RequestLogAnalyzer/src/Models/RequestReplay.php:127)
[stacktrace]
#0 D:/nintis/Package-Provider/storage/framework/views/a4e6d00200ef323068b3230746d8642f.php(161): NIN/RequestLogAnalyzer/Models/RequestReplay->getSafeHeaders()
#1 D:/nintis/Package-Provider/vendor/laravel/framework/src/Illuminate/Filesystem/Filesystem.php(123): require('D://nintis//Packa...')
#2 D:/nintis/Package-Provider/vendor/laravel/framework/src/Illuminate/Filesystem/Filesystem.php(124): Illuminate/Filesystem/Filesystem::{closure:Illuminate/Filesystem/Filesystem::getRequire():120}()
#3 D:/nintis/Package-Provider/vendor/laravel/framework/src/Illuminate/View/Engines/PhpEngine.php(57): Illuminate/Filesystem/Filesystem->getRequire('D://nintis//Packa...', Array)
#4 D:/nintis/Package-Provider/vendor/laravel/framework/src/Illuminate/View/Engines/CompilerEngine.php(76): Illuminate/View/Engines/PhpEngine->evaluatePath('D://nintis//Packa...', Array)
#5 D:/nintis/Package-Provider/vendor/laravel/framework/src/Illuminate/View/View.php(208): Illuminate/View/Engines/CompilerEngine->get('D://nintis//Packa...', Array)
#6 D:/nintis/Package-Provider/vendor/laravel/framework/src/Illuminate/View/View.php(191): Illuminate/View/View->getContents()
#7 D:/nintis/Package-Provider/vendor/laravel/framework/src/Illuminate/View/View.php(160): Illuminate/View/View->renderContents()
#8 D:/nintis/Package-Provider/vendor/laravel/framework/src/Illuminate/Http/Response.php(78): Illuminate/View/View->render()
#9 D:/nintis/Package-Provider/vendor/laravel/framework/src/Illuminate/Http/Response.php(34): Illuminate/Http/Response->setContent(Object(Illuminate/View/View))
#10 D:/nintis/Package-Provider/vendor/laravel/framework/src/Illuminate/Routing/Router.php(939): Illuminate/Http/Response->__construct(Object(Illuminate/View/View), 200, Array)
#11 D:/nintis/Package-Provider/vendor/laravel/framework/src/Illuminate/Routing/Router.php(906): Illuminate/Routing/Router::toResponse(Object(Illuminate/Http/Request), Object(Illuminate/View/View))
#12 D:/nintis/Package-Provider/vendor/laravel/framework/src/Illuminate/Routing/Router.php(821): Illuminate/Routing/Router->prepareResponse(Object(Illuminate/Http/Request), Object(Illuminate/View/View))
#13 D:/nintis/Package-Provider/vendor/laravel/framework/src/Illuminate/Pipeline/Pipeline.php(180): Illuminate/Routing/Router->{closure:Illuminate/Routing/Router::runRouteWithinStack():821}(Object(Illuminate/Http/Request))
#14 D:/nintis/Package-Provider/vendor/laravel/framework/src/Illuminate/Routing/Middleware/SubstituteBindings.php(52): Illuminate/Pipeline/Pipeline->{closure:Illuminate/Pipeline/Pipeline::prepareDestination():178}(Object(Illuminate/Http/Request))
#15 D:/nintis/Package-Provider/vendor/laravel/framework/src/Illuminate/Pipeline/Pipeline.php(219): Illuminate/Routing/Middleware/SubstituteBindings->handle(Object(Illuminate/Http/Request), Object(Closure))
#16 D:/nintis/Package-Provider/vendor/laravel/framework/src/Illuminate/Foundation/Http/Middleware/PreventRequestForgery.php(104): Illuminate/Pipeline/Pipeline->{closure:{closure:Illuminate/Pipeline/Pipeline::carry():194}:195}(Object(Illuminate/Http/Request))
#17 D:/nintis/Package-Provider/vendor/laravel/framework/src/Illuminate/Pipeline/Pipeline.php(219): Illuminate/Foundation/Http/Middleware/PreventRequestForgery->handle(Object(Illuminate/Http/Request), Object(Closure))
#18 D:/nintis/Package-Provider/vendor/laravel/framework/src/Illuminate/View/Middleware/ShareErrorsFromSession.php(48): Illuminate/Pipeline/Pipeline->{closure:{closure:Illuminate/Pipeline/Pipeline::carry():194}:195}(Object(Illuminate/Http/Request))
#19 D:/nintis/Package-Provider/vendor/laravel/framework/src/Illuminate/Pipeline/Pipeline.php(219): Illuminate/View/Middleware/ShareErrorsFromSession->handle(Object(Illuminate/Http/Request), Object(Closure))
#20 D:/nintis/Package-Provider/vendor/laravel/framework/src/Illuminate/Session/Middleware/StartSession.php(120): Illuminate/Pipeline/Pipeline->{closure:{closure:Illuminate/Pipeline/Pipeline::carry():194}:195}(Object(Illuminate/Http/Request))
#21 D:/nintis/Package-Provider/vendor/laravel/framework/src/Illuminate/Session/Middleware/StartSession.php(63): Illuminate/Session/Middleware/StartSession->handleStatefulRequest(Object(Illuminate/Http/Request), Object(Illuminate/Session/Store), Object(Closure))
#22 D:/nintis/Package-Provider/vendor/laravel/framework/src/Illuminate/Pipeline/Pipeline.php(219): Illuminate/Session/Middleware/StartSession->handle(Object(Illuminate/Http/Request), Object(Closure))
#23 D:/nintis/Package-Provider/vendor/laravel/framework/src/Illuminate/Cookie/Middleware/AddQueuedCookiesToResponse.php(36): Illuminate/Pipeline/Pipeline->{closure:{closure:Illuminate/Pipeline/Pipeline::carry():194}:195}(Object(Illuminate/Http/Request))
#24 D:/nintis/Package-Provider/vendor/laravel/framework/src/Illuminate/Pipeline/Pipeline.php(219): Illuminate/Cookie/Middleware/AddQueuedCookiesToResponse->handle(Object(Illuminate/Http/Request), Object(Closure))
#25 D:/nintis/Package-Provider/vendor/laravel/framework/src/Illuminate/Cookie/Middleware/EncryptCookies.php(74): Illuminate/Pipeline/Pipeline->{closure:{closure:Illuminate/Pipeline/Pipeline::carry():194}:195}(Object(Illuminate/Http/Request))
#26 D:/nintis/Package-Provider/vendor/laravel/framework/src/Illuminate/Pipeline/Pipeline.php(219): Illuminate/Cookie/Middleware/EncryptCookies->handle(Object(Illuminate/Http/Request), Object(Closure))
#27 D:/nintis/Package-Provider/vendor/laravel/framework/src/Illuminate/Pipeline/Pipeline.php(137): Illuminate/Pipeline/Pipeline->{closure:{closure:Illuminate/Pipeline/Pipeline::carry():194}:195}(Object(Illuminate/Http/Request))
#28 D:/nintis/Package-Provider/vendor/laravel/framework/src/Illuminate/Routing/Router.php(821): Illuminate/Pipeline/Pipeline->then(Object(Closure))
#29 D:/nintis/Package-Provider/vendor/laravel/framework/src/Illuminate/Routing/Router.php(800): Illuminate/Routing/Router->runRouteWithinStack(Object(Illuminate/Routing/Route), Object(Illuminate/Http/Request))
#30 D:/nintis/Package-Provider/vendor/laravel/framework/src/Illuminate/Routing/Router.php(764): Illuminate/Routing/Router->runRoute(Object(Illuminate/Http/Request), Object(Illuminate/Routing/Route))
#31 D:/nintis/Package-Provider/vendor/laravel/framework/src/Illuminate/Routing/Router.php(753): Illuminate/Routing/Router->dispatchToRoute(Object(Illuminate/Http/Request))
#32 D:/nintis/Package-Provider/vendor/laravel/framework/src/Illuminate/Foundation/Http/Kernel.php(200): Illuminate/Routing/Router->dispatch(Object(Illuminate/Http/Request))
#33 D:/nintis/Package-Provider/vendor/laravel/framework/src/Illuminate/Pipeline/Pipeline.php(180): Illuminate/Foundation/Http/Kernel->{closure:Illuminate/Foundation/Http/Kernel::dispatchToRouter():197}(Object(Illuminate/Http/Request))
#34 D:/nintis/Package-Provider/packages/NIN/RequestLogAnalyzer/src/Http/Middleware/TrackRequest.php(102): Illuminate/Pipeline/Pipeline->{closure:Illuminate/Pipeline/Pipeline::prepareDestination():178}(Object(Illuminate/Http/Request))
#35 D:/nintis/Package-Provider/vendor/laravel/framework/src/Illuminate/Pipeline/Pipeline.php(219): NIN/RequestLogAnalyzer/Http/Middleware/TrackRequest->handle(Object(Illuminate/Http/Request), Object(Closure))
#36 D:/nintis/Package-Provider/vendor/laravel/framework/src/Illuminate/Foundation/Http/Middleware/TransformsRequest.php(21): Illuminate/Pipeline/Pipeline->{closure:{closure:Illuminate/Pipeline/Pipeline::carry():194}:195}(Object(Illuminate/Http/Request))
#37 D:/nintis/Package-Provider/vendor/laravel/framework/src/Illuminate/Foundation/Http/Middleware/ConvertEmptyStringsToNull.php(31): Illuminate/Foundation/Http/Middleware/TransformsRequest->handle(Object(Illuminate/Http/Request), Object(Closure))
#38 D:/nintis/Package-Provider/vendor/laravel/framework/src/Illuminate/Pipeline/Pipeline.php(219): Illuminate/Foundation/Http/Middleware/ConvertEmptyStringsToNull->handle(Object(Illuminate/Http/Request), Object(Closure))
#39 D:/nintis/Package-Provider/vendor/laravel/framework/src/Illuminate/Foundation/Http/Middleware/TransformsRequest.php(21): Illuminate/Pipeline/Pipeline->{closure:{closure:Illuminate/Pipeline/Pipeline::carry():194}:195}(Object(Illuminate/Http/Request))
#40 D:/nintis/Package-Provider/vendor/laravel/framework/src/Illuminate/Foundation/Http/Middleware/TrimStrings.php(51): Illuminate/Foundation/Http/Middleware/TransformsRequest->handle(Object(Illuminate/Http/Request), Object(Closure))
#41 D:/nintis/Package-Provider/vendor/laravel/framework/src/Illuminate/Pipeline/Pipeline.php(219): Illuminate/Foundation/Http/Middleware/TrimStrings->handle(Object(Illuminate/Http/Request), Object(Closure))
#42 D:/nintis/Package-Provider/vendor/laravel/framework/src/Illuminate/Http/Middleware/ValidatePostSize.php(27): Illuminate/Pipeline/Pipeline->{closure:{closure:Illuminate/Pipeline/Pipeline::carry():194}:195}(Object(Illuminate/Http/Request))
#43 D:/nintis/Package-Provider/vendor/laravel/framework/src/Illuminate/Pipeline/Pipeline.php(219): Illuminate/Http/Middleware/ValidatePostSize->handle(Object(Illuminate/Http/Request), Object(Closure))
#44 D:/nintis/Package-Provider/vendor/laravel/framework/src/Illuminate/Foundation/Http/Middleware/PreventRequestsDuringMaintenance.php(109): Illuminate/Pipeline/Pipeline->{closure:{closure:Illuminate/Pipeline/Pipeline::carry():194}:195}(Object(Illuminate/Http/Request))
#45 D:/nintis/Package-Provider/vendor/laravel/framework/src/Illuminate/Pipeline/Pipeline.php(219): Illuminate/Foundation/Http/Middleware/PreventRequestsDuringMaintenance->handle(Object(Illuminate/Http/Request), Object(Closure))
#46 D:/nintis/Package-Provider/vendor/laravel/framework/src/Illuminate/Http/Middleware/HandleCors.php(61): Illuminate/Pipeline/Pipeline->{closure:{closure:Illuminate/Pipeline/Pipeline::carry():194}:195}(Object(Illuminate/Http/Request))
#47 D:/nintis/Package-Provider/vendor/laravel/framework/src/Illuminate/Pipeline/Pipeline.php(219): Illuminate/Http/Middleware/HandleCors->handle(Object(Illuminate/Http/Request), Object(Closure))
#48 D:/nintis/Package-Provider/vendor/laravel/framework/src/Illuminate/Http/Middleware/TrustProxies.php(58): Illuminate/Pipeline/Pipeline->{closure:{closure:Illuminate/Pipeline/Pipeline::carry():194}:195}(Object(Illuminate/Http/Request))
#49 D:/nintis/Package-Provider/vendor/laravel/framework/src/Illuminate/Pipeline/Pipeline.php(219): Illuminate/Http/Middleware/TrustProxies->handle(Object(Illuminate/Http/Request), Object(Closure))
#50 D:/nintis/Package-Provider/vendor/laravel/framework/src/Illuminate/Foundation/Http/Middleware/InvokeDeferredCallbacks.php(22): Illuminate/Pipeline/Pipeline->{closure:{closure:Illuminate/Pipeline/Pipeline::carry():194}:195}(Object(Illuminate/Http/Request))
#51 D:/nintis/Package-Provider/vendor/laravel/framework/src/Illuminate/Pipeline/Pipeline.php(219): Illuminate/Foundation/Http/Middleware/InvokeDeferredCallbacks->handle(Object(Illuminate/Http/Request), Object(Closure))
#52 D:/nintis/Package-Provider/vendor/laravel/framework/src/Illuminate/Http/Middleware/ValidatePathEncoding.php(28): Illuminate/Pipeline/Pipeline->{closure:{closure:Illuminate/Pipeline/Pipeline::carry():194}:195}(Object(Illuminate/Http/Request))
#53 D:/nintis/Package-Provider/vendor/laravel/framework/src/Illuminate/Pipeline/Pipeline.php(219): Illuminate/Http/Middleware/ValidatePathEncoding->handle(Object(Illuminate/Http/Request), Object(Closure))
#54 D:/nintis/Package-Provider/vendor/laravel/framework/src/Illuminate/Pipeline/Pipeline.php(137): Illuminate/Pipeline/Pipeline->{closure:{closure:Illuminate/Pipeline/Pipeline::carry():194}:195}(Object(Illuminate/Http/Request))
#55 D:/nintis/Package-Provider/vendor/laravel/framework/src/Illuminate/Foundation/Http/Kernel.php(175): Illuminate/Pipeline/Pipeline->then(Object(Closure))
#56 D:/nintis/Package-Provider/vendor/laravel/framework/src/Illuminate/Foundation/Http/Kernel.php(144): Illuminate/Foundation/Http/Kernel->sendRequestThroughRouter(Object(Illuminate/Http/Request))
#57 D:/nintis/Package-Provider/vendor/laravel/framework/src/Illuminate/Foundation/Application.php(1220): Illuminate/Foundation/Http/Kernel->handle(Object(Illuminate/Http/Request))
#58 D:/nintis/Package-Provider/public/index.php(20): Illuminate/Foundation/Application->handleRequest(Object(Illuminate/Http/Request))
#59 D:/nintis/Package-Provider/vendor/laravel/framework/src/Illuminate/Foundation/resources/server.php(23): require_once('D://nintis//Packa...')
#60 {main}
"} 
[2026-05-13 05:18:43] local.ERROR: Command "package:list" is not defined.

Did you mean one of these?
    channel:list
    event:list
    make:listener
    package:discover
    queue:listen
    route:list
    schedule:list {"exception":"[object] (Symfony\\Component\\Console\\Exception\\CommandNotFoundException(code: 0): Command \"package:list\" is not defined.

Did you mean one of these?
    channel:list
    event:list
    make:listener
    package:discover
    queue:listen
    route:list
    schedule:list at D:/nintis/Package-Provider/vendor/symfony/console/Application.php:749)
[stacktrace]
#0 D:/nintis/Package-Provider/vendor/symfony/console/Application.php(298): Symfony/Component/Console/Application->find('package:list')
#1 D:/nintis/Package-Provider/vendor/symfony/console/Application.php(195): Symfony/Component/Console/Application->doRun(Object(Symfony/Component/Console/Input/ArgvInput), Object(Symfony/Component/Console/Output/ConsoleOutput))
#2 D:/nintis/Package-Provider/vendor/laravel/framework/src/Illuminate/Foundation/Console/Kernel.php(198): Symfony/Component/Console/Application->run(Object(Symfony/Component/Console/Input/ArgvInput), Object(Symfony/Component/Console/Output/ConsoleOutput))
#3 D:/nintis/Package-Provider/vendor/laravel/framework/src/Illuminate/Foundation/Application.php(1235): Illuminate/Foundation/Console/Kernel->handle(Object(Symfony/Component/Console/Input/ArgvInput), Object(Symfony/Component/Console/Output/ConsoleOutput))
#4 D:/nintis/Package-Provider/artisan(16): Illuminate/Foundation/Application->handleCommand(Object(Symfony/Component/Console/Input/ArgvInput))
#5 {main}
"} 
[2026-05-13 05:18:59] local.ERROR: Command "package:list" is not defined.

Did you mean one of these?
    channel:list
    event:list
    make:listener
    package:discover
    queue:listen
    route:list
    schedule:list {"exception":"[object] (Symfony\\Component\\Console\\Exception\\CommandNotFoundException(code: 0): Command \"package:list\" is not defined.

Did you mean one of these?
    channel:list
    event:list
    make:listener
    package:discover
    queue:listen
    route:list
    schedule:list at D:/nintis/Package-Provider/vendor/symfony/console/Application.php:749)
[stacktrace]
#0 D:/nintis/Package-Provider/vendor/symfony/console/Application.php(298): Symfony/Component/Console/Application->find('package:list')
#1 D:/nintis/Package-Provider/vendor/symfony/console/Application.php(195): Symfony/Component/Console/Application->doRun(Object(Symfony/Component/Console/Input/ArgvInput), Object(Symfony/Component/Console/Output/ConsoleOutput))
#2 D:/nintis/Package-Provider/vendor/laravel/framework/src/Illuminate/Foundation/Console/Kernel.php(198): Symfony/Component/Console/Application->run(Object(Symfony/Component/Console/Input/ArgvInput), Object(Symfony/Component/Console/Output/ConsoleOutput))
#3 D:/nintis/Package-Provider/vendor/laravel/framework/src/Illuminate/Foundation/Application.php(1235): Illuminate/Foundation/Console/Kernel->handle(Object(Symfony/Component/Console/Input/ArgvInput), Object(Symfony/Component/Console/Output/ConsoleOutput))
#4 D:/nintis/Package-Provider/artisan(16): Illuminate/Foundation/Application->handleCommand(Object(Symfony/Component/Console/Input/ArgvInput))
#5 {main}
"} 
[2026-05-13 09:04:31] local.ERROR: RLA Alert system error: Trying to access array offset on null {"exception":"ErrorException","file":"D:\\nintis\\Package-Provider\\packages\\NIN\\RequestLogAnalyzer\\src\\Services\\AlertChecker.php","line":35} 
[2026-05-13 09:25:51] local.ERROR: RLA Alert system error: Trying to access array offset on null {"exception":"ErrorException","file":"D:\\nintis\\Package-Provider\\packages\\NIN\\RequestLogAnalyzer\\src\\Services\\AlertChecker.php","line":35} 
[2026-05-13 09:26:58] local.ERROR: RLA Alert system error: Trying to access array offset on null {"exception":"ErrorException","file":"D:\\nintis\\Package-Provider\\packages\\NIN\\RequestLogAnalyzer\\src\\Services\\AlertChecker.php","line":35} 
[2026-05-13 09:27:07] local.ERROR: RLA Alert system error: Trying to access array offset on null {"exception":"ErrorException","file":"D:\\nintis\\Package-Provider\\packages\\NIN\\RequestLogAnalyzer\\src\\Services\\AlertChecker.php","line":35} 
[2026-05-15 08:41:47] local.ERROR: SQLSTATE[HY000] [2002] No connection could be made because the target machine actively refused it (Connection: mysql, Host: 127.0.0.1, Port: 3306, Database: request_log, SQL: select * from `sessions` where `id` = OAeuEzHsMfgjaM61VAvvoyXUEMaKALIIikoNSFQx limit 1) {"exception":"[object] (Illuminate\\Database\\QueryException(code: 2002): SQLSTATE[HY000] [2002] No connection could be made because the target machine actively refused it (Connection: mysql, Host: 127.0.0.1, Port: 3306, Database: request_log, SQL: select * from `sessions` where `id` = OAeuEzHsMfgjaM61VAvvoyXUEMaKALIIikoNSFQx limit 1) at D:/nintis/Package-Provider/vendor/laravel/framework/src/Illuminate/Database/Connection.php:841)
[stacktrace]
#0 D:/nintis/Package-Provider/vendor/laravel/framework/src/Illuminate/Database/Connection.php(1021): Illuminate/Database/Connection->runQueryCallback('select * from `...', Array, Object(Closure))
#1 D:/nintis/Package-Provider/vendor/laravel/framework/src/Illuminate/Database/Connection.php(1000): Illuminate/Database/Connection->tryAgainIfCausedByLostConnection(Object(Illuminate/Database/QueryException), 'select * from `...', Array, Object(Closure))
#2 D:/nintis/Package-Provider/vendor/laravel/framework/src/Illuminate/Database/Connection.php(799): Illuminate/Database/Connection->handleQueryException(Object(Illuminate/Database/QueryException), 'select * from `...', Array, Object(Closure))
#3 D:/nintis/Package-Provider/vendor/laravel/framework/src/Illuminate/Database/Connection.php(412): Illuminate/Database/Connection->run('select * from `...', Array, Object(Closure))
#4 D:/nintis/Package-Provider/vendor/laravel/framework/src/Illuminate/Database/Query/Builder.php(3562): Illuminate/Database/Connection->select('select * from `...', Array, false, Array)
#5 D:/nintis/Package-Provider/vendor/laravel/framework/src/Illuminate/Database/Query/Builder.php(3546): Illuminate/Database/Query/Builder->runSelect()
#6 D:/nintis/Package-Provider/vendor/laravel/framework/src/Illuminate/Database/Concerns/BuildsQueries.php(367): Illuminate/Database/Query/Builder->get(Array)
#7 D:/nintis/Package-Provider/vendor/laravel/framework/src/Illuminate/Database/Query/Builder.php(3464): Illuminate/Database/Query/Builder->first(Array)
#8 D:/nintis/Package-Provider/vendor/laravel/framework/src/Illuminate/Session/DatabaseSessionHandler.php(96): Illuminate/Database/Query/Builder->find('OAeuEzHsMfgjaM6...')
#9 D:/nintis/Package-Provider/vendor/laravel/framework/src/Illuminate/Session/Store.php(128): Illuminate/Session/DatabaseSessionHandler->read('OAeuEzHsMfgjaM6...')
#10 D:/nintis/Package-Provider/vendor/laravel/framework/src/Illuminate/Session/Store.php(116): Illuminate/Session/Store->readFromHandler()
#11 D:/nintis/Package-Provider/vendor/laravel/framework/src/Illuminate/Session/Store.php(100): Illuminate/Session/Store->loadSession()
#12 D:/nintis/Package-Provider/vendor/laravel/framework/src/Illuminate/Session/Middleware/StartSession.php(146): Illuminate/Session/Store->start()
#13 D:/nintis/Package-Provider/vendor/laravel/framework/src/Illuminate/Support/helpers.php(393): Illuminate/Session/Middleware/StartSession->{closure:Illuminate/Session/Middleware/StartSession::startSession():143}(Object(Illuminate/Session/Store))
#14 D:/nintis/Package-Provider/vendor/laravel/framework/src/Illuminate/Session/Middleware/StartSession.php(143): tap(Object(Illuminate/Session/Store), Object(Closure))
#15 D:/nintis/Package-Provider/vendor/laravel/framework/src/Illuminate/Session/Middleware/StartSession.php(115): Illuminate/Session/Middleware/StartSession->startSession(Object(Illuminate/Http/Request), Object(Illuminate/Session/Store))
#16 D:/nintis/Package-Provider/vendor/laravel/framework/src/Illuminate/Session/Middleware/StartSession.php(63): Illuminate/Session/Middleware/StartSession->handleStatefulRequest(Object(Illuminate/Http/Request), Object(Illuminate/Session/Store), Object(Closure))
#17 D:/nintis/Package-Provider/vendor/laravel/framework/src/Illuminate/Pipeline/Pipeline.php(219): Illuminate/Session/Middleware/StartSession->handle(Object(Illuminate/Http/Request), Object(Closure))
#18 D:/nintis/Package-Provider/vendor/laravel/framework/src/Illuminate/Cookie/Middleware/AddQueuedCookiesToResponse.php(36): Illuminate/Pipeline/Pipeline->{closure:{closure:Illuminate/Pipeline/Pipeline::carry():194}:195}(Object(Illuminate/Http/Request))
#19 D:/nintis/Package-Provider/vendor/laravel/framework/src/Illuminate/Pipeline/Pipeline.php(219): Illuminate/Cookie/Middleware/AddQueuedCookiesToResponse->handle(Object(Illuminate/Http/Request), Object(Closure))
#20 D:/nintis/Package-Provider/vendor/laravel/framework/src/Illuminate/Cookie/Middleware/EncryptCookies.php(74): Illuminate/Pipeline/Pipeline->{closure:{closure:Illuminate/Pipeline/Pipeline::carry():194}:195}(Object(Illuminate/Http/Request))
#21 D:/nintis/Package-Provider/vendor/laravel/framework/src/Illuminate/Pipeline/Pipeline.php(219): Illuminate/Cookie/Middleware/EncryptCookies->handle(Object(Illuminate/Http/Request), Object(Closure))
#22 D:/nintis/Package-Provider/vendor/laravel/framework/src/Illuminate/Pipeline/Pipeline.php(137): Illuminate/Pipeline/Pipeline->{closure:{closure:Illuminate/Pipeline/Pipeline::carry():194}:195}(Object(Illuminate/Http/Request))
#23 D:/nintis/Package-Provider/vendor/laravel/framework/src/Illuminate/Routing/Router.php(821): Illuminate/Pipeline/Pipeline->then(Object(Closure))
#24 D:/nintis/Package-Provider/vendor/laravel/framework/src/Illuminate/Routing/Router.php(800): Illuminate/Routing/Router->runRouteWithinStack(Object(Illuminate/Routing/Route), Object(Illuminate/Http/Request))
#25 D:/nintis/Package-Provider/vendor/laravel/framework/src/Illuminate/Routing/Router.php(764): Illuminate/Routing/Router->runRoute(Object(Illuminate/Http/Request), Object(Illuminate/Routing/Route))
#26 D:/nintis/Package-Provider/vendor/laravel/framework/src/Illuminate/Routing/Router.php(753): Illuminate/Routing/Router->dispatchToRoute(Object(Illuminate/Http/Request))
#27 D:/nintis/Package-Provider/vendor/laravel/framework/src/Illuminate/Foundation/Http/Kernel.php(200): Illuminate/Routing/Router->dispatch(Object(Illuminate/Http/Request))
#28 D:/nintis/Package-Provider/vendor/laravel/framework/src/Illuminate/Pipeline/Pipeline.php(180): Illuminate/Foundation/Http/Kernel->{closure:Illuminate/Foundation/Http/Kernel::dispatchToRouter():197}(Object(Illuminate/Http/Request))
#29 D:/nintis/Package-Provider/packages/NIN/RequestLogAnalyzer/src/Http/Middleware/TrackRequest.php(133): Illuminate/Pipeline/Pipeline->{closure:Illuminate/Pipeline/Pipeline::prepareDestination():178}(Object(Illuminate/Http/Request))
#30 D:/nintis/Package-Provider/vendor/laravel/framework/src/Illuminate/Pipeline/Pipeline.php(219): NIN/RequestLogAnalyzer/Http/Middleware/TrackRequest->handle(Object(Illuminate/Http/Request), Object(Closure))
#31 D:/nintis/Package-Provider/vendor/laravel/framework/src/Illuminate/Foundation/Http/Middleware/TransformsRequest.php(21): Illuminate/Pipeline/Pipeline->{closure:{closure:Illuminate/Pipeline/Pipeline::carry():194}:195}(Object(Illuminate/Http/Request))
#32 D:/nintis/Package-Provider/vendor/laravel/framework/src/Illuminate/Foundation/Http/Middleware/ConvertEmptyStringsToNull.php(31): Illuminate/Foundation/Http/Middleware/TransformsRequest->handle(Object(Illuminate/Http/Request), Object(Closure))
#33 D:/nintis/Package-Provider/vendor/laravel/framework/src/Illuminate/Pipeline/Pipeline.php(219): Illuminate/Foundation/Http/Middleware/ConvertEmptyStringsToNull->handle(Object(Illuminate/Http/Request), Object(Closure))
#34 D:/nintis/Package-Provider/vendor/laravel/framework/src/Illuminate/Foundation/Http/Middleware/TransformsRequest.php(21): Illuminate/Pipeline/Pipeline->{closure:{closure:Illuminate/Pipeline/Pipeline::carry():194}:195}(Object(Illuminate/Http/Request))
#35 D:/nintis/Package-Provider/vendor/laravel/framework/src/Illuminate/Foundation/Http/Middleware/TrimStrings.php(51): Illuminate/Foundation/Http/Middleware/TransformsRequest->handle(Object(Illuminate/Http/Request), Object(Closure))
#36 D:/nintis/Package-Provider/vendor/laravel/framework/src/Illuminate/Pipeline/Pipeline.php(219): Illuminate/Foundation/Http/Middleware/TrimStrings->handle(Object(Illuminate/Http/Request), Object(Closure))
#37 D:/nintis/Package-Provider/vendor/laravel/framework/src/Illuminate/Http/Middleware/ValidatePostSize.php(27): Illuminate/Pipeline/Pipeline->{closure:{closure:Illuminate/Pipeline/Pipeline::carry():194}:195}(Object(Illuminate/Http/Request))
#38 D:/nintis/Package-Provider/vendor/laravel/framework/src/Illuminate/Pipeline/Pipeline.php(219): Illuminate/Http/Middleware/ValidatePostSize->handle(Object(Illuminate/Http/Request), Object(Closure))
#39 D:/nintis/Package-Provider/vendor/laravel/framework/src/Illuminate/Foundation/Http/Middleware/PreventRequestsDuringMaintenance.php(109): Illuminate/Pipeline/Pipeline->{closure:{closure:Illuminate/Pipeline/Pipeline::carry():194}:195}(Object(Illuminate/Http/Request))
#40 D:/nintis/Package-Provider/vendor/laravel/framework/src/Illuminate/Pipeline/Pipeline.php(219): Illuminate/Foundation/Http/Middleware/PreventRequestsDuringMaintenance->handle(Object(Illuminate/Http/Request), Object(Closure))
#41 D:/nintis/Package-Provider/vendor/laravel/framework/src/Illuminate/Http/Middleware/HandleCors.php(61): Illuminate/Pipeline/Pipeline->{closure:{closure:Illuminate/Pipeline/Pipeline::carry():194}:195}(Object(Illuminate/Http/Request))
#42 D:/nintis/Package-Provider/vendor/laravel/framework/src/Illuminate/Pipeline/Pipeline.php(219): Illuminate/Http/Middleware/HandleCors->handle(Object(Illuminate/Http/Request), Object(Closure))
#43 D:/nintis/Package-Provider/vendor/laravel/framework/src/Illuminate/Http/Middleware/TrustProxies.php(58): Illuminate/Pipeline/Pipeline->{closure:{closure:Illuminate/Pipeline/Pipeline::carry():194}:195}(Object(Illuminate/Http/Request))
#44 D:/nintis/Package-Provider/vendor/laravel/framework/src/Illuminate/Pipeline/Pipeline.php(219): Illuminate/Http/Middleware/TrustProxies->handle(Object(Illuminate/Http/Request), Object(Closure))
#45 D:/nintis/Package-Provider/vendor/laravel/framework/src/Illuminate/Foundation/Http/Middleware/InvokeDeferredCallbacks.php(22): Illuminate/Pipeline/Pipeline->{closure:{closure:Illuminate/Pipeline/Pipeline::carry():194}:195}(Object(Illuminate/Http/Request))
#46 D:/nintis/Package-Provider/vendor/laravel/framework/src/Illuminate/Pipeline/Pipeline.php(219): Illuminate/Foundation/Http/Middleware/InvokeDeferredCallbacks->handle(Object(Illuminate/Http/Request), Object(Closure))
#47 D:/nintis/Package-Provider/vendor/laravel/framework/src/Illuminate/Http/Middleware/ValidatePathEncoding.php(28): Illuminate/Pipeline/Pipeline->{closure:{closure:Illuminate/Pipeline/Pipeline::carry():194}:195}(Object(Illuminate/Http/Request))
#48 D:/nintis/Package-Provider/vendor/laravel/framework/src/Illuminate/Pipeline/Pipeline.php(219): Illuminate/Http/Middleware/ValidatePathEncoding->handle(Object(Illuminate/Http/Request), Object(Closure))
#49 D:/nintis/Package-Provider/vendor/laravel/framework/src/Illuminate/Pipeline/Pipeline.php(137): Illuminate/Pipeline/Pipeline->{closure:{closure:Illuminate/Pipeline/Pipeline::carry():194}:195}(Object(Illuminate/Http/Request))
#50 D:/nintis/Package-Provider/vendor/laravel/framework/src/Illuminate/Foundation/Http/Kernel.php(175): Illuminate/Pipeline/Pipeline->then(Object(Closure))
#51 D:/nintis/Package-Provider/vendor/laravel/framework/src/Illuminate/Foundation/Http/Kernel.php(144): Illuminate/Foundation/Http/Kernel->sendRequestThroughRouter(Object(Illuminate/Http/Request))
#52 D:/nintis/Package-Provider/vendor/laravel/framework/src/Illuminate/Foundation/Application.php(1220): Illuminate/Foundation/Http/Kernel->handle(Object(Illuminate/Http/Request))
#53 D:/nintis/Package-Provider/public/index.php(20): Illuminate/Foundation/Application->handleRequest(Object(Illuminate/Http/Request))
#54 D:/nintis/Package-Provider/vendor/laravel/framework/src/Illuminate/Foundation/resources/server.php(23): require_once('D://nintis//Packa...')
#55 {main}

[previous exception] [object] (PDOException(code: 2002): SQLSTATE[HY000] [2002] No connection could be made because the target machine actively refused it at D:/nintis/Package-Provider/vendor/laravel/framework/src/Illuminate/Database/Connectors/Connector.php:67)
[stacktrace]
#0 D:/nintis/Package-Provider/vendor/laravel/framework/src/Illuminate/Database/Connectors/Connector.php(67): PDO::connect('mysql:host=127....', 'root', Object(SensitiveParameterValue), Array)
#1 D:/nintis/Package-Provider/vendor/laravel/framework/src/Illuminate/Database/Connectors/Connector.php(85): Illuminate/Database/Connectors/Connector->createPdoConnection('mysql:host=127....', 'root', Object(SensitiveParameterValue), Array)
#2 D:/nintis/Package-Provider/vendor/laravel/framework/src/Illuminate/Database/Connectors/Connector.php(48): Illuminate/Database/Connectors/Connector->tryAgainIfCausedByLostConnection(Object(PDOException), 'mysql:host=127....', 'root', Object(SensitiveParameterValue), Array)
#3 D:/nintis/Package-Provider/vendor/laravel/framework/src/Illuminate/Database/Connectors/MySqlConnector.php(24): Illuminate/Database/Connectors/Connector->createConnection('mysql:host=127....', Array, Array)
#4 D:/nintis/Package-Provider/vendor/laravel/framework/src/Illuminate/Database/Connectors/ConnectionFactory.php(186): Illuminate/Database/Connectors/MySqlConnector->connect(Array)
#5 [internal function]: Illuminate/Database/Connectors/ConnectionFactory->{closure:Illuminate/Database/Connectors/ConnectionFactory::createPdoResolverWithHosts():181}()
#6 D:/nintis/Package-Provider/vendor/laravel/framework/src/Illuminate/Database/Connection.php(1279): call_user_func(Object(Closure))
#7 D:/nintis/Package-Provider/vendor/laravel/framework/src/Illuminate/Database/Connection.php(528): Illuminate/Database/Connection->getPdo()
#8 D:/nintis/Package-Provider/vendor/laravel/framework/src/Illuminate/Database/Connection.php(421): Illuminate/Database/Connection->getPdoForSelect(false)
#9 D:/nintis/Package-Provider/vendor/laravel/framework/src/Illuminate/Database/Connection.php(830): Illuminate/Database/Connection->{closure:Illuminate/Database/Connection::select():412}('select * from `...', Array)
#10 D:/nintis/Package-Provider/vendor/laravel/framework/src/Illuminate/Database/Connection.php(1021): Illuminate/Database/Connection->runQueryCallback('select * from `...', Array, Object(Closure))
#11 D:/nintis/Package-Provider/vendor/laravel/framework/src/Illuminate/Database/Connection.php(1000): Illuminate/Database/Connection->tryAgainIfCausedByLostConnection(Object(Illuminate/Database/QueryException), 'select * from `...', Array, Object(Closure))
#12 D:/nintis/Package-Provider/vendor/laravel/framework/src/Illuminate/Database/Connection.php(799): Illuminate/Database/Connection->handleQueryException(Object(Illuminate/Database/QueryException), 'select * from `...', Array, Object(Closure))
#13 D:/nintis/Package-Provider/vendor/laravel/framework/src/Illuminate/Database/Connection.php(412): Illuminate/Database/Connection->run('select * from `...', Array, Object(Closure))
#14 D:/nintis/Package-Provider/vendor/laravel/framework/src/Illuminate/Database/Query/Builder.php(3562): Illuminate/Database/Connection->select('select * from `...', Array, false, Array)
#15 D:/nintis/Package-Provider/vendor/laravel/framework/src/Illuminate/Database/Query/Builder.php(3546): Illuminate/Database/Query/Builder->runSelect()
#16 D:/nintis/Package-Provider/vendor/laravel/framework/src/Illuminate/Database/Concerns/BuildsQueries.php(367): Illuminate/Database/Query/Builder->get(Array)
#17 D:/nintis/Package-Provider/vendor/laravel/framework/src/Illuminate/Database/Query/Builder.php(3464): Illuminate/Database/Query/Builder->first(Array)
#18 D:/nintis/Package-Provider/vendor/laravel/framework/src/Illuminate/Session/DatabaseSessionHandler.php(96): Illuminate/Database/Query/Builder->find('OAeuEzHsMfgjaM6...')
#19 D:/nintis/Package-Provider/vendor/laravel/framework/src/Illuminate/Session/Store.php(128): Illuminate/Session/DatabaseSessionHandler->read('OAeuEzHsMfgjaM6...')
#20 D:/nintis/Package-Provider/vendor/laravel/framework/src/Illuminate/Session/Store.php(116): Illuminate/Session/Store->readFromHandler()
#21 D:/nintis/Package-Provider/vendor/laravel/framework/src/Illuminate/Session/Store.php(100): Illuminate/Session/Store->loadSession()
#22 D:/nintis/Package-Provider/vendor/laravel/framework/src/Illuminate/Session/Middleware/StartSession.php(146): Illuminate/Session/Store->start()
#23 D:/nintis/Package-Provider/vendor/laravel/framework/src/Illuminate/Support/helpers.php(393): Illuminate/Session/Middleware/StartSession->{closure:Illuminate/Session/Middleware/StartSession::startSession():143}(Object(Illuminate/Session/Store))
#24 D:/nintis/Package-Provider/vendor/laravel/framework/src/Illuminate/Session/Middleware/StartSession.php(143): tap(Object(Illuminate/Session/Store), Object(Closure))
#25 D:/nintis/Package-Provider/vendor/laravel/framework/src/Illuminate/Session/Middleware/StartSession.php(115): Illuminate/Session/Middleware/StartSession->startSession(Object(Illuminate/Http/Request), Object(Illuminate/Session/Store))
#26 D:/nintis/Package-Provider/vendor/laravel/framework/src/Illuminate/Session/Middleware/StartSession.php(63): Illuminate/Session/Middleware/StartSession->handleStatefulRequest(Object(Illuminate/Http/Request), Object(Illuminate/Session/Store), Object(Closure))
#27 D:/nintis/Package-Provider/vendor/laravel/framework/src/Illuminate/Pipeline/Pipeline.php(219): Illuminate/Session/Middleware/StartSession->handle(Object(Illuminate/Http/Request), Object(Closure))
#28 D:/nintis/Package-Provider/vendor/laravel/framework/src/Illuminate/Cookie/Middleware/AddQueuedCookiesToResponse.php(36): Illuminate/Pipeline/Pipeline->{closure:{closure:Illuminate/Pipeline/Pipeline::carry():194}:195}(Object(Illuminate/Http/Request))
#29 D:/nintis/Package-Provider/vendor/laravel/framework/src/Illuminate/Pipeline/Pipeline.php(219): Illuminate/Cookie/Middleware/AddQueuedCookiesToResponse->handle(Object(Illuminate/Http/Request), Object(Closure))
#30 D:/nintis/Package-Provider/vendor/laravel/framework/src/Illuminate/Cookie/Middleware/EncryptCookies.php(74): Illuminate/Pipeline/Pipeline->{closure:{closure:Illuminate/Pipeline/Pipeline::carry():194}:195}(Object(Illuminate/Http/Request))
#31 D:/nintis/Package-Provider/vendor/laravel/framework/src/Illuminate/Pipeline/Pipeline.php(219): Illuminate/Cookie/Middleware/EncryptCookies->handle(Object(Illuminate/Http/Request), Object(Closure))
#32 D:/nintis/Package-Provider/vendor/laravel/framework/src/Illuminate/Pipeline/Pipeline.php(137): Illuminate/Pipeline/Pipeline->{closure:{closure:Illuminate/Pipeline/Pipeline::carry():194}:195}(Object(Illuminate/Http/Request))
#33 D:/nintis/Package-Provider/vendor/laravel/framework/src/Illuminate/Routing/Router.php(821): Illuminate/Pipeline/Pipeline->then(Object(Closure))
#34 D:/nintis/Package-Provider/vendor/laravel/framework/src/Illuminate/Routing/Router.php(800): Illuminate/Routing/Router->runRouteWithinStack(Object(Illuminate/Routing/Route), Object(Illuminate/Http/Request))
#35 D:/nintis/Package-Provider/vendor/laravel/framework/src/Illuminate/Routing/Router.php(764): Illuminate/Routing/Router->runRoute(Object(Illuminate/Http/Request), Object(Illuminate/Routing/Route))
#36 D:/nintis/Package-Provider/vendor/laravel/framework/src/Illuminate/Routing/Router.php(753): Illuminate/Routing/Router->dispatchToRoute(Object(Illuminate/Http/Request))
#37 D:/nintis/Package-Provider/vendor/laravel/framework/src/Illuminate/Foundation/Http/Kernel.php(200): Illuminate/Routing/Router->dispatch(Object(Illuminate/Http/Request))
#38 D:/nintis/Package-Provider/vendor/laravel/framework/src/Illuminate/Pipeline/Pipeline.php(180): Illuminate/Foundation/Http/Kernel->{closure:Illuminate/Foundation/Http/Kernel::dispatchToRouter():197}(Object(Illuminate/Http/Request))
#39 D:/nintis/Package-Provider/packages/NIN/RequestLogAnalyzer/src/Http/Middleware/TrackRequest.php(133): Illuminate/Pipeline/Pipeline->{closure:Illuminate/Pipeline/Pipeline::prepareDestination():178}(Object(Illuminate/Http/Request))
#40 D:/nintis/Package-Provider/vendor/laravel/framework/src/Illuminate/Pipeline/Pipeline.php(219): NIN/RequestLogAnalyzer/Http/Middleware/TrackRequest->handle(Object(Illuminate/Http/Request), Object(Closure))
#41 D:/nintis/Package-Provider/vendor/laravel/framework/src/Illuminate/Foundation/Http/Middleware/TransformsRequest.php(21): Illuminate/Pipeline/Pipeline->{closure:{closure:Illuminate/Pipeline/Pipeline::carry():194}:195}(Object(Illuminate/Http/Request))
#42 D:/nintis/Package-Provider/vendor/laravel/framework/src/Illuminate/Foundation/Http/Middleware/ConvertEmptyStringsToNull.php(31): Illuminate/Foundation/Http/Middleware/TransformsRequest->handle(Object(Illuminate/Http/Request), Object(Closure))
#43 D:/nintis/Package-Provider/vendor/laravel/framework/src/Illuminate/Pipeline/Pipeline.php(219): Illuminate/Foundation/Http/Middleware/ConvertEmptyStringsToNull->handle(Object(Illuminate/Http/Request), Object(Closure))
#44 D:/nintis/Package-Provider/vendor/laravel/framework/src/Illuminate/Foundation/Http/Middleware/TransformsRequest.php(21): Illuminate/Pipeline/Pipeline->{closure:{closure:Illuminate/Pipeline/Pipeline::carry():194}:195}(Object(Illuminate/Http/Request))
#45 D:/nintis/Package-Provider/vendor/laravel/framework/src/Illuminate/Foundation/Http/Middleware/TrimStrings.php(51): Illuminate/Foundation/Http/Middleware/TransformsRequest->handle(Object(Illuminate/Http/Request), Object(Closure))
#46 D:/nintis/Package-Provider/vendor/laravel/framework/src/Illuminate/Pipeline/Pipeline.php(219): Illuminate/Foundation/Http/Middleware/TrimStrings->handle(Object(Illuminate/Http/Request), Object(Closure))
#47 D:/nintis/Package-Provider/vendor/laravel/framework/src/Illuminate/Http/Middleware/ValidatePostSize.php(27): Illuminate/Pipeline/Pipeline->{closure:{closure:Illuminate/Pipeline/Pipeline::carry():194}:195}(Object(Illuminate/Http/Request))
#48 D:/nintis/Package-Provider/vendor/laravel/framework/src/Illuminate/Pipeline/Pipeline.php(219): Illuminate/Http/Middleware/ValidatePostSize->handle(Object(Illuminate/Http/Request), Object(Closure))
#49 D:/nintis/Package-Provider/vendor/laravel/framework/src/Illuminate/Foundation/Http/Middleware/PreventRequestsDuringMaintenance.php(109): Illuminate/Pipeline/Pipeline->{closure:{closure:Illuminate/Pipeline/Pipeline::carry():194}:195}(Object(Illuminate/Http/Request))
#50 D:/nintis/Package-Provider/vendor/laravel/framework/src/Illuminate/Pipeline/Pipeline.php(219): Illuminate/Foundation/Http/Middleware/PreventRequestsDuringMaintenance->handle(Object(Illuminate/Http/Request), Object(Closure))
#51 D:/nintis/Package-Provider/vendor/laravel/framework/src/Illuminate/Http/Middleware/HandleCors.php(61): Illuminate/Pipeline/Pipeline->{closure:{closure:Illuminate/Pipeline/Pipeline::carry():194}:195}(Object(Illuminate/Http/Request))
#52 D:/nintis/Package-Provider/vendor/laravel/framework/src/Illuminate/Pipeline/Pipeline.php(219): Illuminate/Http/Middleware/HandleCors->handle(Object(Illuminate/Http/Request), Object(Closure))
#53 D:/nintis/Package-Provider/vendor/laravel/framework/src/Illuminate/Http/Middleware/TrustProxies.php(58): Illuminate/Pipeline/Pipeline->{closure:{closure:Illuminate/Pipeline/Pipeline::carry():194}:195}(Object(Illuminate/Http/Request))
#54 D:/nintis/Package-Provider/vendor/laravel/framework/src/Illuminate/Pipeline/Pipeline.php(219): Illuminate/Http/Middleware/TrustProxies->handle(Object(Illuminate/Http/Request), Object(Closure))
#55 D:/nintis/Package-Provider/vendor/laravel/framework/src/Illuminate/Foundation/Http/Middleware/InvokeDeferredCallbacks.php(22): Illuminate/Pipeline/Pipeline->{closure:{closure:Illuminate/Pipeline/Pipeline::carry():194}:195}(Object(Illuminate/Http/Request))
#56 D:/nintis/Package-Provider/vendor/laravel/framework/src/Illuminate/Pipeline/Pipeline.php(219): Illuminate/Foundation/Http/Middleware/InvokeDeferredCallbacks->handle(Object(Illuminate/Http/Request), Object(Closure))
#57 D:/nintis/Package-Provider/vendor/laravel/framework/src/Illuminate/Http/Middleware/ValidatePathEncoding.php(28): Illuminate/Pipeline/Pipeline->{closure:{closure:Illuminate/Pipeline/Pipeline::carry():194}:195}(Object(Illuminate/Http/Request))
#58 D:/nintis/Package-Provider/vendor/laravel/framework/src/Illuminate/Pipeline/Pipeline.php(219): Illuminate/Http/Middleware/ValidatePathEncoding->handle(Object(Illuminate/Http/Request), Object(Closure))
#59 D:/nintis/Package-Provider/vendor/laravel/framework/src/Illuminate/Pipeline/Pipeline.php(137): Illuminate/Pipeline/Pipeline->{closure:{closure:Illuminate/Pipeline/Pipeline::carry():194}:195}(Object(Illuminate/Http/Request))
#60 D:/nintis/Package-Provider/vendor/laravel/framework/src/Illuminate/Foundation/Http/Kernel.php(175): Illuminate/Pipeline/Pipeline->then(Object(Closure))
#61 D:/nintis/Package-Provider/vendor/laravel/framework/src/Illuminate/Foundation/Http/Kernel.php(144): Illuminate/Foundation/Http/Kernel->sendRequestThroughRouter(Object(Illuminate/Http/Request))
#62 D:/nintis/Package-Provider/vendor/laravel/framework/src/Illuminate/Foundation/Application.php(1220): Illuminate/Foundation/Http/Kernel->handle(Object(Illuminate/Http/Request))
#63 D:/nintis/Package-Provider/public/index.php(20): Illuminate/Foundation/Application->handleRequest(Object(Illuminate/Http/Request))
#64 D:/nintis/Package-Provider/vendor/laravel/framework/src/Illuminate/Foundation/resources/server.php(23): require_once('D://nintis//Packa...')
#65 {main}
"} 
[2026-05-15 08:42:09] local.ERROR: SQLSTATE[HY000] [2002] No connection could be made because the target machine actively refused it (Connection: mysql, Host: 127.0.0.1, Port: 3306, Database: request_log, SQL: insert into `rla_requests` (`ulid`, `method`, `url`, `uri`, `query_string`, `ip`, `country`, `city`, `user_agent`, `user_id`, `session_id`, `status_code`, `response_time_ms`, `memory_usage_bytes`, `request_headers`, `response_headers`, `tags`, `created_at`, `updated_at`) values (01KRNCSF0C3RRWEVW9GSG066SS, GET, http://127.0.0.1:8000, /, , 127.0.0.1, ?, ?, Mozilla/5.0 (Windows NT 10.0; Win64; x64) AppleWebKit/537.36 (KHTML, like Gecko) Code/1.119.1 Chrome/142.0.7444.265 Electron/39.8.8 Safari/537.36, ?, ?, 500, 23612, 33554432, ?, ?, ?, 2026-05-15 08:42:00, 2026-05-15 08:42:00)) {"exception":"[object] (Illuminate\\Database\\QueryException(code: 2002): SQLSTATE[HY000] [2002] No connection could be made because the target machine actively refused it (Connection: mysql, Host: 127.0.0.1, Port: 3306, Database: request_log, SQL: insert into `rla_requests` (`ulid`, `method`, `url`, `uri`, `query_string`, `ip`, `country`, `city`, `user_agent`, `user_id`, `session_id`, `status_code`, `response_time_ms`, `memory_usage_bytes`, `request_headers`, `response_headers`, `tags`, `created_at`, `updated_at`) values (01KRNCSF0C3RRWEVW9GSG066SS, GET, http://127.0.0.1:8000, /, , 127.0.0.1, ?, ?, Mozilla/5.0 (Windows NT 10.0; Win64; x64) AppleWebKit/537.36 (KHTML, like Gecko) Code/1.119.1 Chrome/142.0.7444.265 Electron/39.8.8 Safari/537.36, ?, ?, 500, 23612, 33554432, ?, ?, ?, 2026-05-15 08:42:00, 2026-05-15 08:42:00)) at D:/nintis/Package-Provider/vendor/laravel/framework/src/Illuminate/Database/Connection.php:841)
[stacktrace]
#0 D:/nintis/Package-Provider/vendor/laravel/framework/src/Illuminate/Database/Connection.php(1021): Illuminate/Database/Connection->runQueryCallback('insert into `rl...', Array, Object(Closure))
#1 D:/nintis/Package-Provider/vendor/laravel/framework/src/Illuminate/Database/Connection.php(1000): Illuminate/Database/Connection->tryAgainIfCausedByLostConnection(Object(Illuminate/Database/QueryException), 'insert into `rl...', Array, Object(Closure))
#2 D:/nintis/Package-Provider/vendor/laravel/framework/src/Illuminate/Database/Connection.php(799): Illuminate/Database/Connection->handleQueryException(Object(Illuminate/Database/QueryException), 'insert into `rl...', Array, Object(Closure))
#3 D:/nintis/Package-Provider/vendor/laravel/framework/src/Illuminate/Database/MySqlConnection.php(42): Illuminate/Database/Connection->run('insert into `rl...', Array, Object(Closure))
#4 D:/nintis/Package-Provider/vendor/laravel/framework/src/Illuminate/Database/Query/Processors/MySqlProcessor.php(35): Illuminate/Database/MySqlConnection->insert('insert into `rl...', Array, NULL)
#5 D:/nintis/Package-Provider/vendor/laravel/framework/src/Illuminate/Database/Query/Builder.php(4246): Illuminate/Database/Query/Processors/MySqlProcessor->processInsertGetId(Object(Illuminate/Database/Query/Builder), 'insert into `rl...', Array, NULL)
#6 D:/nintis/Package-Provider/packages/NIN/RequestLogAnalyzer/src/Repositories/RequestRepository.php(23): Illuminate/Database/Query/Builder->insertGetId(Array)
#7 D:/nintis/Package-Provider/packages/NIN/RequestLogAnalyzer/src/Http/Middleware/TrackRequest.php(257): NIN/RequestLogAnalyzer/Repositories/RequestRepository->create(Array)
#8 D:/nintis/Package-Provider/vendor/laravel/framework/src/Illuminate/Foundation/Http/Kernel.php(260): NIN/RequestLogAnalyzer/Http/Middleware/TrackRequest->terminate(Object(Illuminate/Http/Request), Object(Illuminate/Http/Response))
#9 D:/nintis/Package-Provider/vendor/laravel/framework/src/Illuminate/Foundation/Http/Kernel.php(215): Illuminate/Foundation/Http/Kernel->terminateMiddleware(Object(Illuminate/Http/Request), Object(Illuminate/Http/Response))
#10 D:/nintis/Package-Provider/vendor/laravel/framework/src/Illuminate/Foundation/Application.php(1222): Illuminate/Foundation/Http/Kernel->terminate(Object(Illuminate/Http/Request), Object(Illuminate/Http/Response))
#11 D:/nintis/Package-Provider/public/index.php(20): Illuminate/Foundation/Application->handleRequest(Object(Illuminate/Http/Request))
#12 D:/nintis/Package-Provider/vendor/laravel/framework/src/Illuminate/Foundation/resources/server.php(23): require_once('D://nintis//Packa...')
#13 {main}

[previous exception] [object] (PDOException(code: 2002): SQLSTATE[HY000] [2002] No connection could be made because the target machine actively refused it at D:/nintis/Package-Provider/vendor/laravel/framework/src/Illuminate/Database/Connectors/Connector.php:67)
[stacktrace]
#0 D:/nintis/Package-Provider/vendor/laravel/framework/src/Illuminate/Database/Connectors/Connector.php(67): PDO::connect('mysql:host=127....', 'root', Object(SensitiveParameterValue), Array)
#1 D:/nintis/Package-Provider/vendor/laravel/framework/src/Illuminate/Database/Connectors/Connector.php(85): Illuminate/Database/Connectors/Connector->createPdoConnection('mysql:host=127....', 'root', Object(SensitiveParameterValue), Array)
#2 D:/nintis/Package-Provider/vendor/laravel/framework/src/Illuminate/Database/Connectors/Connector.php(48): Illuminate/Database/Connectors/Connector->tryAgainIfCausedByLostConnection(Object(PDOException), 'mysql:host=127....', 'root', Object(SensitiveParameterValue), Array)
#3 D:/nintis/Package-Provider/vendor/laravel/framework/src/Illuminate/Database/Connectors/MySqlConnector.php(24): Illuminate/Database/Connectors/Connector->createConnection('mysql:host=127....', Array, Array)
#4 D:/nintis/Package-Provider/vendor/laravel/framework/src/Illuminate/Database/Connectors/ConnectionFactory.php(186): Illuminate/Database/Connectors/MySqlConnector->connect(Array)
#5 [internal function]: Illuminate/Database/Connectors/ConnectionFactory->{closure:Illuminate/Database/Connectors/ConnectionFactory::createPdoResolverWithHosts():181}()
#6 D:/nintis/Package-Provider/vendor/laravel/framework/src/Illuminate/Database/Connection.php(1279): call_user_func(Object(Closure))
#7 D:/nintis/Package-Provider/vendor/laravel/framework/src/Illuminate/Database/MySqlConnection.php(47): Illuminate/Database/Connection->getPdo()
#8 D:/nintis/Package-Provider/vendor/laravel/framework/src/Illuminate/Database/Connection.php(830): Illuminate/Database/MySqlConnection->{closure:Illuminate/Database/MySqlConnection::insert():42}('insert into `rl...', Array)
#9 D:/nintis/Package-Provider/vendor/laravel/framework/src/Illuminate/Database/Connection.php(1021): Illuminate/Database/Connection->runQueryCallback('insert into `rl...', Array, Object(Closure))
#10 D:/nintis/Package-Provider/vendor/laravel/framework/src/Illuminate/Database/Connection.php(1000): Illuminate/Database/Connection->tryAgainIfCausedByLostConnection(Object(Illuminate/Database/QueryException), 'insert into `rl...', Array, Object(Closure))
#11 D:/nintis/Package-Provider/vendor/laravel/framework/src/Illuminate/Database/Connection.php(799): Illuminate/Database/Connection->handleQueryException(Object(Illuminate/Database/QueryException), 'insert into `rl...', Array, Object(Closure))
#12 D:/nintis/Package-Provider/vendor/laravel/framework/src/Illuminate/Database/MySqlConnection.php(42): Illuminate/Database/Connection->run('insert into `rl...', Array, Object(Closure))
#13 D:/nintis/Package-Provider/vendor/laravel/framework/src/Illuminate/Database/Query/Processors/MySqlProcessor.php(35): Illuminate/Database/MySqlConnection->insert('insert into `rl...', Array, NULL)
#14 D:/nintis/Package-Provider/vendor/laravel/framework/src/Illuminate/Database/Query/Builder.php(4246): Illuminate/Database/Query/Processors/MySqlProcessor->processInsertGetId(Object(Illuminate/Database/Query/Builder), 'insert into `rl...', Array, NULL)
#15 D:/nintis/Package-Provider/packages/NIN/RequestLogAnalyzer/src/Repositories/RequestRepository.php(23): Illuminate/Database/Query/Builder->insertGetId(Array)
#16 D:/nintis/Package-Provider/packages/NIN/RequestLogAnalyzer/src/Http/Middleware/TrackRequest.php(257): NIN/RequestLogAnalyzer/Repositories/RequestRepository->create(Array)
#17 D:/nintis/Package-Provider/vendor/laravel/framework/src/Illuminate/Foundation/Http/Kernel.php(260): NIN/RequestLogAnalyzer/Http/Middleware/TrackRequest->terminate(Object(Illuminate/Http/Request), Object(Illuminate/Http/Response))
#18 D:/nintis/Package-Provider/vendor/laravel/framework/src/Illuminate/Foundation/Http/Kernel.php(215): Illuminate/Foundation/Http/Kernel->terminateMiddleware(Object(Illuminate/Http/Request), Object(Illuminate/Http/Response))
#19 D:/nintis/Package-Provider/vendor/laravel/framework/src/Illuminate/Foundation/Application.php(1222): Illuminate/Foundation/Http/Kernel->terminate(Object(Illuminate/Http/Request), Object(Illuminate/Http/Response))
#20 D:/nintis/Package-Provider/public/index.php(20): Illuminate/Foundation/Application->handleRequest(Object(Illuminate/Http/Request))
#21 D:/nintis/Package-Provider/vendor/laravel/framework/src/Illuminate/Foundation/resources/server.php(23): require_once('D://nintis//Packa...')
#22 {main}
"} 
[2026-05-15 08:42:09] local.ERROR: Uncaught ErrorException: Cannot modify header information - headers already sent by (output started at D:\nintis\Package-Provider\vendor\symfony\http-foundation\Response.php:387) in D:\nintis\Package-Provider\vendor\symfony\http-foundation\Response.php:322
Stack trace:
#0 D:\nintis\Package-Provider\vendor\laravel\framework\src\Illuminate\Foundation\Bootstrap\HandleExceptions.php(258): Illuminate\Foundation\Bootstrap\HandleExceptions->handleError(2, 'Cannot modify h...', 'D:\\nintis\\Packa...', 322)
#1 [internal function]: Illuminate\Foundation\Bootstrap\HandleExceptions->{closure:Illuminate\Foundation\Bootstrap\HandleExceptions::forwardsTo():257}(2, 'Cannot modify h...', 'D:\\nintis\\Packa...', 322)
#2 D:\nintis\Package-Provider\vendor\symfony\http-foundation\Response.php(322): header('HTTP/1.1 500 In...', true, 500)
#3 D:\nintis\Package-Provider\vendor\symfony\http-foundation\Response.php(401): Symfony\Component\HttpFoundation\Response->sendHeaders()
#4 D:\nintis\Package-Provider\vendor\laravel\framework\src\Illuminate\Foundation\Bootstrap\HandleExceptions.php(221): Symfony\Component\HttpFoundation\Response->send()
#5 D:\nintis\Package-Provider\vendor\laravel\framework\src\Illuminate\Foundation\Bootstrap\HandleExceptions.php(198): Illuminate\Foundation\Bootstrap\HandleExceptions->renderHttpResponse(Object(Illuminate\Database\QueryException))
#6 D:\nintis\Package-Provider\vendor\laravel\framework\src\Illuminate\Foundation\Bootstrap\HandleExceptions.php(258): Illuminate\Foundation\Bootstrap\HandleExceptions->handleException(Object(Illuminate\Database\QueryException))
#7 [internal function]: Illuminate\Foundation\Bootstrap\HandleExceptions->{closure:Illuminate\Foundation\Bootstrap\HandleExceptions::forwardsTo():257}(Object(Illuminate\Database\QueryException))
#8 {main}
  thrown {"exception":"[object] (Symfony\\Component\\ErrorHandler\\Error\\FatalError(code: 0): Uncaught ErrorException: Cannot modify header information - headers already sent by (output started at D:\\nintis\\Package-Provider\\vendor\\symfony\\http-foundation\\Response.php:387) in D:\\nintis\\Package-Provider\\vendor\\symfony\\http-foundation\\Response.php:322
Stack trace:
#0 D:\\nintis\\Package-Provider\\vendor\\laravel\\framework\\src\\Illuminate\\Foundation\\Bootstrap\\HandleExceptions.php(258): Illuminate\\Foundation\\Bootstrap\\HandleExceptions->handleError(2, 'Cannot modify h...', 'D:\\\\nintis\\\\Packa...', 322)
#1 [internal function]: Illuminate\\Foundation\\Bootstrap\\HandleExceptions->{closure:Illuminate\\Foundation\\Bootstrap\\HandleExceptions::forwardsTo():257}(2, 'Cannot modify h...', 'D:\\\\nintis\\\\Packa...', 322)
#2 D:\\nintis\\Package-Provider\\vendor\\symfony\\http-foundation\\Response.php(322): header('HTTP/1.1 500 In...', true, 500)
#3 D:\\nintis\\Package-Provider\\vendor\\symfony\\http-foundation\\Response.php(401): Symfony\\Component\\HttpFoundation\\Response->sendHeaders()
#4 D:\\nintis\\Package-Provider\\vendor\\laravel\\framework\\src\\Illuminate\\Foundation\\Bootstrap\\HandleExceptions.php(221): Symfony\\Component\\HttpFoundation\\Response->send()
#5 D:\\nintis\\Package-Provider\\vendor\\laravel\\framework\\src\\Illuminate\\Foundation\\Bootstrap\\HandleExceptions.php(198): Illuminate\\Foundation\\Bootstrap\\HandleExceptions->renderHttpResponse(Object(Illuminate\\Database\\QueryException))
#6 D:\\nintis\\Package-Provider\\vendor\\laravel\\framework\\src\\Illuminate\\Foundation\\Bootstrap\\HandleExceptions.php(258): Illuminate\\Foundation\\Bootstrap\\HandleExceptions->handleException(Object(Illuminate\\Database\\QueryException))
#7 [internal function]: Illuminate\\Foundation\\Bootstrap\\HandleExceptions->{closure:Illuminate\\Foundation\\Bootstrap\\HandleExceptions::forwardsTo():257}(Object(Illuminate\\Database\\QueryException))
#8 {main}
  thrown at D:/nintis/Package-Provider/vendor/symfony/http-foundation/Response.php:322)
[stacktrace]
#0 {main}
"} 
[2026-05-15 08:42:18] local.ERROR: SQLSTATE[HY000] [2002] No connection could be made because the target machine actively refused it (Connection: mysql, Host: 127.0.0.1, Port: 3306, Database: request_log, SQL: select * from `sessions` where `id` = 1912Yw9DdlyN2YYJmS6hBHC8D145NOY08jpc22v7 limit 1) {"exception":"[object] (Illuminate\\Database\\QueryException(code: 2002): SQLSTATE[HY000] [2002] No connection could be made because the target machine actively refused it (Connection: mysql, Host: 127.0.0.1, Port: 3306, Database: request_log, SQL: select * from `sessions` where `id` = 1912Yw9DdlyN2YYJmS6hBHC8D145NOY08jpc22v7 limit 1) at D:/nintis/Package-Provider/vendor/laravel/framework/src/Illuminate/Database/Connection.php:841)
[stacktrace]
#0 D:/nintis/Package-Provider/vendor/laravel/framework/src/Illuminate/Database/Connection.php(1021): Illuminate/Database/Connection->runQueryCallback('select * from `...', Array, Object(Closure))
#1 D:/nintis/Package-Provider/vendor/laravel/framework/src/Illuminate/Database/Connection.php(1000): Illuminate/Database/Connection->tryAgainIfCausedByLostConnection(Object(Illuminate/Database/QueryException), 'select * from `...', Array, Object(Closure))
#2 D:/nintis/Package-Provider/vendor/laravel/framework/src/Illuminate/Database/Connection.php(799): Illuminate/Database/Connection->handleQueryException(Object(Illuminate/Database/QueryException), 'select * from `...', Array, Object(Closure))
#3 D:/nintis/Package-Provider/vendor/laravel/framework/src/Illuminate/Database/Connection.php(412): Illuminate/Database/Connection->run('select * from `...', Array, Object(Closure))
#4 D:/nintis/Package-Provider/vendor/laravel/framework/src/Illuminate/Database/Query/Builder.php(3562): Illuminate/Database/Connection->select('select * from `...', Array, false, Array)
#5 D:/nintis/Package-Provider/vendor/laravel/framework/src/Illuminate/Database/Query/Builder.php(3546): Illuminate/Database/Query/Builder->runSelect()
#6 D:/nintis/Package-Provider/vendor/laravel/framework/src/Illuminate/Database/Concerns/BuildsQueries.php(367): Illuminate/Database/Query/Builder->get(Array)
#7 D:/nintis/Package-Provider/vendor/laravel/framework/src/Illuminate/Database/Query/Builder.php(3464): Illuminate/Database/Query/Builder->first(Array)
#8 D:/nintis/Package-Provider/vendor/laravel/framework/src/Illuminate/Session/DatabaseSessionHandler.php(96): Illuminate/Database/Query/Builder->find('1912Yw9DdlyN2YY...')
#9 D:/nintis/Package-Provider/vendor/laravel/framework/src/Illuminate/Session/Store.php(128): Illuminate/Session/DatabaseSessionHandler->read('1912Yw9DdlyN2YY...')
#10 D:/nintis/Package-Provider/vendor/laravel/framework/src/Illuminate/Session/Store.php(116): Illuminate/Session/Store->readFromHandler()
#11 D:/nintis/Package-Provider/vendor/laravel/framework/src/Illuminate/Session/Store.php(100): Illuminate/Session/Store->loadSession()
#12 D:/nintis/Package-Provider/vendor/laravel/framework/src/Illuminate/Session/Middleware/StartSession.php(146): Illuminate/Session/Store->start()
#13 D:/nintis/Package-Provider/vendor/laravel/framework/src/Illuminate/Support/helpers.php(393): Illuminate/Session/Middleware/StartSession->{closure:Illuminate/Session/Middleware/StartSession::startSession():143}(Object(Illuminate/Session/Store))
#14 D:/nintis/Package-Provider/vendor/laravel/framework/src/Illuminate/Session/Middleware/StartSession.php(143): tap(Object(Illuminate/Session/Store), Object(Closure))
#15 D:/nintis/Package-Provider/vendor/laravel/framework/src/Illuminate/Session/Middleware/StartSession.php(115): Illuminate/Session/Middleware/StartSession->startSession(Object(Illuminate/Http/Request), Object(Illuminate/Session/Store))
#16 D:/nintis/Package-Provider/vendor/laravel/framework/src/Illuminate/Session/Middleware/StartSession.php(63): Illuminate/Session/Middleware/StartSession->handleStatefulRequest(Object(Illuminate/Http/Request), Object(Illuminate/Session/Store), Object(Closure))
#17 D:/nintis/Package-Provider/vendor/laravel/framework/src/Illuminate/Pipeline/Pipeline.php(219): Illuminate/Session/Middleware/StartSession->handle(Object(Illuminate/Http/Request), Object(Closure))
#18 D:/nintis/Package-Provider/vendor/laravel/framework/src/Illuminate/Cookie/Middleware/AddQueuedCookiesToResponse.php(36): Illuminate/Pipeline/Pipeline->{closure:{closure:Illuminate/Pipeline/Pipeline::carry():194}:195}(Object(Illuminate/Http/Request))
#19 D:/nintis/Package-Provider/vendor/laravel/framework/src/Illuminate/Pipeline/Pipeline.php(219): Illuminate/Cookie/Middleware/AddQueuedCookiesToResponse->handle(Object(Illuminate/Http/Request), Object(Closure))
#20 D:/nintis/Package-Provider/vendor/laravel/framework/src/Illuminate/Cookie/Middleware/EncryptCookies.php(74): Illuminate/Pipeline/Pipeline->{closure:{closure:Illuminate/Pipeline/Pipeline::carry():194}:195}(Object(Illuminate/Http/Request))
#21 D:/nintis/Package-Provider/vendor/laravel/framework/src/Illuminate/Pipeline/Pipeline.php(219): Illuminate/Cookie/Middleware/EncryptCookies->handle(Object(Illuminate/Http/Request), Object(Closure))
#22 D:/nintis/Package-Provider/vendor/laravel/framework/src/Illuminate/Pipeline/Pipeline.php(137): Illuminate/Pipeline/Pipeline->{closure:{closure:Illuminate/Pipeline/Pipeline::carry():194}:195}(Object(Illuminate/Http/Request))
#23 D:/nintis/Package-Provider/vendor/laravel/framework/src/Illuminate/Routing/Router.php(821): Illuminate/Pipeline/Pipeline->then(Object(Closure))
#24 D:/nintis/Package-Provider/vendor/laravel/framework/src/Illuminate/Routing/Router.php(800): Illuminate/Routing/Router->runRouteWithinStack(Object(Illuminate/Routing/Route), Object(Illuminate/Http/Request))
#25 D:/nintis/Package-Provider/vendor/laravel/framework/src/Illuminate/Routing/Router.php(764): Illuminate/Routing/Router->runRoute(Object(Illuminate/Http/Request), Object(Illuminate/Routing/Route))
#26 D:/nintis/Package-Provider/vendor/laravel/framework/src/Illuminate/Routing/Router.php(753): Illuminate/Routing/Router->dispatchToRoute(Object(Illuminate/Http/Request))
#27 D:/nintis/Package-Provider/vendor/laravel/framework/src/Illuminate/Foundation/Http/Kernel.php(200): Illuminate/Routing/Router->dispatch(Object(Illuminate/Http/Request))
#28 D:/nintis/Package-Provider/vendor/laravel/framework/src/Illuminate/Pipeline/Pipeline.php(180): Illuminate/Foundation/Http/Kernel->{closure:Illuminate/Foundation/Http/Kernel::dispatchToRouter():197}(Object(Illuminate/Http/Request))
#29 D:/nintis/Package-Provider/packages/NIN/RequestLogAnalyzer/src/Http/Middleware/TrackRequest.php(133): Illuminate/Pipeline/Pipeline->{closure:Illuminate/Pipeline/Pipeline::prepareDestination():178}(Object(Illuminate/Http/Request))
#30 D:/nintis/Package-Provider/vendor/laravel/framework/src/Illuminate/Pipeline/Pipeline.php(219): NIN/RequestLogAnalyzer/Http/Middleware/TrackRequest->handle(Object(Illuminate/Http/Request), Object(Closure))
#31 D:/nintis/Package-Provider/vendor/laravel/framework/src/Illuminate/Foundation/Http/Middleware/TransformsRequest.php(21): Illuminate/Pipeline/Pipeline->{closure:{closure:Illuminate/Pipeline/Pipeline::carry():194}:195}(Object(Illuminate/Http/Request))
#32 D:/nintis/Package-Provider/vendor/laravel/framework/src/Illuminate/Foundation/Http/Middleware/ConvertEmptyStringsToNull.php(31): Illuminate/Foundation/Http/Middleware/TransformsRequest->handle(Object(Illuminate/Http/Request), Object(Closure))
#33 D:/nintis/Package-Provider/vendor/laravel/framework/src/Illuminate/Pipeline/Pipeline.php(219): Illuminate/Foundation/Http/Middleware/ConvertEmptyStringsToNull->handle(Object(Illuminate/Http/Request), Object(Closure))
#34 D:/nintis/Package-Provider/vendor/laravel/framework/src/Illuminate/Foundation/Http/Middleware/TransformsRequest.php(21): Illuminate/Pipeline/Pipeline->{closure:{closure:Illuminate/Pipeline/Pipeline::carry():194}:195}(Object(Illuminate/Http/Request))
#35 D:/nintis/Package-Provider/vendor/laravel/framework/src/Illuminate/Foundation/Http/Middleware/TrimStrings.php(51): Illuminate/Foundation/Http/Middleware/TransformsRequest->handle(Object(Illuminate/Http/Request), Object(Closure))
#36 D:/nintis/Package-Provider/vendor/laravel/framework/src/Illuminate/Pipeline/Pipeline.php(219): Illuminate/Foundation/Http/Middleware/TrimStrings->handle(Object(Illuminate/Http/Request), Object(Closure))
#37 D:/nintis/Package-Provider/vendor/laravel/framework/src/Illuminate/Http/Middleware/ValidatePostSize.php(27): Illuminate/Pipeline/Pipeline->{closure:{closure:Illuminate/Pipeline/Pipeline::carry():194}:195}(Object(Illuminate/Http/Request))
#38 D:/nintis/Package-Provider/vendor/laravel/framework/src/Illuminate/Pipeline/Pipeline.php(219): Illuminate/Http/Middleware/ValidatePostSize->handle(Object(Illuminate/Http/Request), Object(Closure))
#39 D:/nintis/Package-Provider/vendor/laravel/framework/src/Illuminate/Foundation/Http/Middleware/PreventRequestsDuringMaintenance.php(109): Illuminate/Pipeline/Pipeline->{closure:{closure:Illuminate/Pipeline/Pipeline::carry():194}:195}(Object(Illuminate/Http/Request))
#40 D:/nintis/Package-Provider/vendor/laravel/framework/src/Illuminate/Pipeline/Pipeline.php(219): Illuminate/Foundation/Http/Middleware/PreventRequestsDuringMaintenance->handle(Object(Illuminate/Http/Request), Object(Closure))
#41 D:/nintis/Package-Provider/vendor/laravel/framework/src/Illuminate/Http/Middleware/HandleCors.php(61): Illuminate/Pipeline/Pipeline->{closure:{closure:Illuminate/Pipeline/Pipeline::carry():194}:195}(Object(Illuminate/Http/Request))
#42 D:/nintis/Package-Provider/vendor/laravel/framework/src/Illuminate/Pipeline/Pipeline.php(219): Illuminate/Http/Middleware/HandleCors->handle(Object(Illuminate/Http/Request), Object(Closure))
#43 D:/nintis/Package-Provider/vendor/laravel/framework/src/Illuminate/Http/Middleware/TrustProxies.php(58): Illuminate/Pipeline/Pipeline->{closure:{closure:Illuminate/Pipeline/Pipeline::carry():194}:195}(Object(Illuminate/Http/Request))
#44 D:/nintis/Package-Provider/vendor/laravel/framework/src/Illuminate/Pipeline/Pipeline.php(219): Illuminate/Http/Middleware/TrustProxies->handle(Object(Illuminate/Http/Request), Object(Closure))
#45 D:/nintis/Package-Provider/vendor/laravel/framework/src/Illuminate/Foundation/Http/Middleware/InvokeDeferredCallbacks.php(22): Illuminate/Pipeline/Pipeline->{closure:{closure:Illuminate/Pipeline/Pipeline::carry():194}:195}(Object(Illuminate/Http/Request))
#46 D:/nintis/Package-Provider/vendor/laravel/framework/src/Illuminate/Pipeline/Pipeline.php(219): Illuminate/Foundation/Http/Middleware/InvokeDeferredCallbacks->handle(Object(Illuminate/Http/Request), Object(Closure))
#47 D:/nintis/Package-Provider/vendor/laravel/framework/src/Illuminate/Http/Middleware/ValidatePathEncoding.php(28): Illuminate/Pipeline/Pipeline->{closure:{closure:Illuminate/Pipeline/Pipeline::carry():194}:195}(Object(Illuminate/Http/Request))
#48 D:/nintis/Package-Provider/vendor/laravel/framework/src/Illuminate/Pipeline/Pipeline.php(219): Illuminate/Http/Middleware/ValidatePathEncoding->handle(Object(Illuminate/Http/Request), Object(Closure))
#49 D:/nintis/Package-Provider/vendor/laravel/framework/src/Illuminate/Pipeline/Pipeline.php(137): Illuminate/Pipeline/Pipeline->{closure:{closure:Illuminate/Pipeline/Pipeline::carry():194}:195}(Object(Illuminate/Http/Request))
#50 D:/nintis/Package-Provider/vendor/laravel/framework/src/Illuminate/Foundation/Http/Kernel.php(175): Illuminate/Pipeline/Pipeline->then(Object(Closure))
#51 D:/nintis/Package-Provider/vendor/laravel/framework/src/Illuminate/Foundation/Http/Kernel.php(144): Illuminate/Foundation/Http/Kernel->sendRequestThroughRouter(Object(Illuminate/Http/Request))
#52 D:/nintis/Package-Provider/vendor/laravel/framework/src/Illuminate/Foundation/Application.php(1220): Illuminate/Foundation/Http/Kernel->handle(Object(Illuminate/Http/Request))
#53 D:/nintis/Package-Provider/public/index.php(20): Illuminate/Foundation/Application->handleRequest(Object(Illuminate/Http/Request))
#54 D:/nintis/Package-Provider/vendor/laravel/framework/src/Illuminate/Foundation/resources/server.php(23): require_once('D://nintis//Packa...')
#55 {main}

[previous exception] [object] (PDOException(code: 2002): SQLSTATE[HY000] [2002] No connection could be made because the target machine actively refused it at D:/nintis/Package-Provider/vendor/laravel/framework/src/Illuminate/Database/Connectors/Connector.php:67)
[stacktrace]
#0 D:/nintis/Package-Provider/vendor/laravel/framework/src/Illuminate/Database/Connectors/Connector.php(67): PDO::connect('mysql:host=127....', 'root', Object(SensitiveParameterValue), Array)
#1 D:/nintis/Package-Provider/vendor/laravel/framework/src/Illuminate/Database/Connectors/Connector.php(85): Illuminate/Database/Connectors/Connector->createPdoConnection('mysql:host=127....', 'root', Object(SensitiveParameterValue), Array)
#2 D:/nintis/Package-Provider/vendor/laravel/framework/src/Illuminate/Database/Connectors/Connector.php(48): Illuminate/Database/Connectors/Connector->tryAgainIfCausedByLostConnection(Object(PDOException), 'mysql:host=127....', 'root', Object(SensitiveParameterValue), Array)
#3 D:/nintis/Package-Provider/vendor/laravel/framework/src/Illuminate/Database/Connectors/MySqlConnector.php(24): Illuminate/Database/Connectors/Connector->createConnection('mysql:host=127....', Array, Array)
#4 D:/nintis/Package-Provider/vendor/laravel/framework/src/Illuminate/Database/Connectors/ConnectionFactory.php(186): Illuminate/Database/Connectors/MySqlConnector->connect(Array)
#5 [internal function]: Illuminate/Database/Connectors/ConnectionFactory->{closure:Illuminate/Database/Connectors/ConnectionFactory::createPdoResolverWithHosts():181}()
#6 D:/nintis/Package-Provider/vendor/laravel/framework/src/Illuminate/Database/Connection.php(1279): call_user_func(Object(Closure))
#7 D:/nintis/Package-Provider/vendor/laravel/framework/src/Illuminate/Database/Connection.php(528): Illuminate/Database/Connection->getPdo()
#8 D:/nintis/Package-Provider/vendor/laravel/framework/src/Illuminate/Database/Connection.php(421): Illuminate/Database/Connection->getPdoForSelect(false)
#9 D:/nintis/Package-Provider/vendor/laravel/framework/src/Illuminate/Database/Connection.php(830): Illuminate/Database/Connection->{closure:Illuminate/Database/Connection::select():412}('select * from `...', Array)
#10 D:/nintis/Package-Provider/vendor/laravel/framework/src/Illuminate/Database/Connection.php(1021): Illuminate/Database/Connection->runQueryCallback('select * from `...', Array, Object(Closure))
#11 D:/nintis/Package-Provider/vendor/laravel/framework/src/Illuminate/Database/Connection.php(1000): Illuminate/Database/Connection->tryAgainIfCausedByLostConnection(Object(Illuminate/Database/QueryException), 'select * from `...', Array, Object(Closure))
#12 D:/nintis/Package-Provider/vendor/laravel/framework/src/Illuminate/Database/Connection.php(799): Illuminate/Database/Connection->handleQueryException(Object(Illuminate/Database/QueryException), 'select * from `...', Array, Object(Closure))
#13 D:/nintis/Package-Provider/vendor/laravel/framework/src/Illuminate/Database/Connection.php(412): Illuminate/Database/Connection->run('select * from `...', Array, Object(Closure))
#14 D:/nintis/Package-Provider/vendor/laravel/framework/src/Illuminate/Database/Query/Builder.php(3562): Illuminate/Database/Connection->select('select * from `...', Array, false, Array)
#15 D:/nintis/Package-Provider/vendor/laravel/framework/src/Illuminate/Database/Query/Builder.php(3546): Illuminate/Database/Query/Builder->runSelect()
#16 D:/nintis/Package-Provider/vendor/laravel/framework/src/Illuminate/Database/Concerns/BuildsQueries.php(367): Illuminate/Database/Query/Builder->get(Array)
#17 D:/nintis/Package-Provider/vendor/laravel/framework/src/Illuminate/Database/Query/Builder.php(3464): Illuminate/Database/Query/Builder->first(Array)
#18 D:/nintis/Package-Provider/vendor/laravel/framework/src/Illuminate/Session/DatabaseSessionHandler.php(96): Illuminate/Database/Query/Builder->find('1912Yw9DdlyN2YY...')
#19 D:/nintis/Package-Provider/vendor/laravel/framework/src/Illuminate/Session/Store.php(128): Illuminate/Session/DatabaseSessionHandler->read('1912Yw9DdlyN2YY...')
#20 D:/nintis/Package-Provider/vendor/laravel/framework/src/Illuminate/Session/Store.php(116): Illuminate/Session/Store->readFromHandler()
#21 D:/nintis/Package-Provider/vendor/laravel/framework/src/Illuminate/Session/Store.php(100): Illuminate/Session/Store->loadSession()
#22 D:/nintis/Package-Provider/vendor/laravel/framework/src/Illuminate/Session/Middleware/StartSession.php(146): Illuminate/Session/Store->start()
#23 D:/nintis/Package-Provider/vendor/laravel/framework/src/Illuminate/Support/helpers.php(393): Illuminate/Session/Middleware/StartSession->{closure:Illuminate/Session/Middleware/StartSession::startSession():143}(Object(Illuminate/Session/Store))
#24 D:/nintis/Package-Provider/vendor/laravel/framework/src/Illuminate/Session/Middleware/StartSession.php(143): tap(Object(Illuminate/Session/Store), Object(Closure))
#25 D:/nintis/Package-Provider/vendor/laravel/framework/src/Illuminate/Session/Middleware/StartSession.php(115): Illuminate/Session/Middleware/StartSession->startSession(Object(Illuminate/Http/Request), Object(Illuminate/Session/Store))
#26 D:/nintis/Package-Provider/vendor/laravel/framework/src/Illuminate/Session/Middleware/StartSession.php(63): Illuminate/Session/Middleware/StartSession->handleStatefulRequest(Object(Illuminate/Http/Request), Object(Illuminate/Session/Store), Object(Closure))
#27 D:/nintis/Package-Provider/vendor/laravel/framework/src/Illuminate/Pipeline/Pipeline.php(219): Illuminate/Session/Middleware/StartSession->handle(Object(Illuminate/Http/Request), Object(Closure))
#28 D:/nintis/Package-Provider/vendor/laravel/framework/src/Illuminate/Cookie/Middleware/AddQueuedCookiesToResponse.php(36): Illuminate/Pipeline/Pipeline->{closure:{closure:Illuminate/Pipeline/Pipeline::carry():194}:195}(Object(Illuminate/Http/Request))
#29 D:/nintis/Package-Provider/vendor/laravel/framework/src/Illuminate/Pipeline/Pipeline.php(219): Illuminate/Cookie/Middleware/AddQueuedCookiesToResponse->handle(Object(Illuminate/Http/Request), Object(Closure))
#30 D:/nintis/Package-Provider/vendor/laravel/framework/src/Illuminate/Cookie/Middleware/EncryptCookies.php(74): Illuminate/Pipeline/Pipeline->{closure:{closure:Illuminate/Pipeline/Pipeline::carry():194}:195}(Object(Illuminate/Http/Request))
#31 D:/nintis/Package-Provider/vendor/laravel/framework/src/Illuminate/Pipeline/Pipeline.php(219): Illuminate/Cookie/Middleware/EncryptCookies->handle(Object(Illuminate/Http/Request), Object(Closure))
#32 D:/nintis/Package-Provider/vendor/laravel/framework/src/Illuminate/Pipeline/Pipeline.php(137): Illuminate/Pipeline/Pipeline->{closure:{closure:Illuminate/Pipeline/Pipeline::carry():194}:195}(Object(Illuminate/Http/Request))
#33 D:/nintis/Package-Provider/vendor/laravel/framework/src/Illuminate/Routing/Router.php(821): Illuminate/Pipeline/Pipeline->then(Object(Closure))
#34 D:/nintis/Package-Provider/vendor/laravel/framework/src/Illuminate/Routing/Router.php(800): Illuminate/Routing/Router->runRouteWithinStack(Object(Illuminate/Routing/Route), Object(Illuminate/Http/Request))
#35 D:/nintis/Package-Provider/vendor/laravel/framework/src/Illuminate/Routing/Router.php(764): Illuminate/Routing/Router->runRoute(Object(Illuminate/Http/Request), Object(Illuminate/Routing/Route))
#36 D:/nintis/Package-Provider/vendor/laravel/framework/src/Illuminate/Routing/Router.php(753): Illuminate/Routing/Router->dispatchToRoute(Object(Illuminate/Http/Request))
#37 D:/nintis/Package-Provider/vendor/laravel/framework/src/Illuminate/Foundation/Http/Kernel.php(200): Illuminate/Routing/Router->dispatch(Object(Illuminate/Http/Request))
#38 D:/nintis/Package-Provider/vendor/laravel/framework/src/Illuminate/Pipeline/Pipeline.php(180): Illuminate/Foundation/Http/Kernel->{closure:Illuminate/Foundation/Http/Kernel::dispatchToRouter():197}(Object(Illuminate/Http/Request))
#39 D:/nintis/Package-Provider/packages/NIN/RequestLogAnalyzer/src/Http/Middleware/TrackRequest.php(133): Illuminate/Pipeline/Pipeline->{closure:Illuminate/Pipeline/Pipeline::prepareDestination():178}(Object(Illuminate/Http/Request))
#40 D:/nintis/Package-Provider/vendor/laravel/framework/src/Illuminate/Pipeline/Pipeline.php(219): NIN/RequestLogAnalyzer/Http/Middleware/TrackRequest->handle(Object(Illuminate/Http/Request), Object(Closure))
#41 D:/nintis/Package-Provider/vendor/laravel/framework/src/Illuminate/Foundation/Http/Middleware/TransformsRequest.php(21): Illuminate/Pipeline/Pipeline->{closure:{closure:Illuminate/Pipeline/Pipeline::carry():194}:195}(Object(Illuminate/Http/Request))
#42 D:/nintis/Package-Provider/vendor/laravel/framework/src/Illuminate/Foundation/Http/Middleware/ConvertEmptyStringsToNull.php(31): Illuminate/Foundation/Http/Middleware/TransformsRequest->handle(Object(Illuminate/Http/Request), Object(Closure))
#43 D:/nintis/Package-Provider/vendor/laravel/framework/src/Illuminate/Pipeline/Pipeline.php(219): Illuminate/Foundation/Http/Middleware/ConvertEmptyStringsToNull->handle(Object(Illuminate/Http/Request), Object(Closure))
#44 D:/nintis/Package-Provider/vendor/laravel/framework/src/Illuminate/Foundation/Http/Middleware/TransformsRequest.php(21): Illuminate/Pipeline/Pipeline->{closure:{closure:Illuminate/Pipeline/Pipeline::carry():194}:195}(Object(Illuminate/Http/Request))
#45 D:/nintis/Package-Provider/vendor/laravel/framework/src/Illuminate/Foundation/Http/Middleware/TrimStrings.php(51): Illuminate/Foundation/Http/Middleware/TransformsRequest->handle(Object(Illuminate/Http/Request), Object(Closure))
#46 D:/nintis/Package-Provider/vendor/laravel/framework/src/Illuminate/Pipeline/Pipeline.php(219): Illuminate/Foundation/Http/Middleware/TrimStrings->handle(Object(Illuminate/Http/Request), Object(Closure))
#47 D:/nintis/Package-Provider/vendor/laravel/framework/src/Illuminate/Http/Middleware/ValidatePostSize.php(27): Illuminate/Pipeline/Pipeline->{closure:{closure:Illuminate/Pipeline/Pipeline::carry():194}:195}(Object(Illuminate/Http/Request))
#48 D:/nintis/Package-Provider/vendor/laravel/framework/src/Illuminate/Pipeline/Pipeline.php(219): Illuminate/Http/Middleware/ValidatePostSize->handle(Object(Illuminate/Http/Request), Object(Closure))
#49 D:/nintis/Package-Provider/vendor/laravel/framework/src/Illuminate/Foundation/Http/Middleware/PreventRequestsDuringMaintenance.php(109): Illuminate/Pipeline/Pipeline->{closure:{closure:Illuminate/Pipeline/Pipeline::carry():194}:195}(Object(Illuminate/Http/Request))
#50 D:/nintis/Package-Provider/vendor/laravel/framework/src/Illuminate/Pipeline/Pipeline.php(219): Illuminate/Foundation/Http/Middleware/PreventRequestsDuringMaintenance->handle(Object(Illuminate/Http/Request), Object(Closure))
#51 D:/nintis/Package-Provider/vendor/laravel/framework/src/Illuminate/Http/Middleware/HandleCors.php(61): Illuminate/Pipeline/Pipeline->{closure:{closure:Illuminate/Pipeline/Pipeline::carry():194}:195}(Object(Illuminate/Http/Request))
#52 D:/nintis/Package-Provider/vendor/laravel/framework/src/Illuminate/Pipeline/Pipeline.php(219): Illuminate/Http/Middleware/HandleCors->handle(Object(Illuminate/Http/Request), Object(Closure))
#53 D:/nintis/Package-Provider/vendor/laravel/framework/src/Illuminate/Http/Middleware/TrustProxies.php(58): Illuminate/Pipeline/Pipeline->{closure:{closure:Illuminate/Pipeline/Pipeline::carry():194}:195}(Object(Illuminate/Http/Request))
#54 D:/nintis/Package-Provider/vendor/laravel/framework/src/Illuminate/Pipeline/Pipeline.php(219): Illuminate/Http/Middleware/TrustProxies->handle(Object(Illuminate/Http/Request), Object(Closure))
#55 D:/nintis/Package-Provider/vendor/laravel/framework/src/Illuminate/Foundation/Http/Middleware/InvokeDeferredCallbacks.php(22): Illuminate/Pipeline/Pipeline->{closure:{closure:Illuminate/Pipeline/Pipeline::carry():194}:195}(Object(Illuminate/Http/Request))
#56 D:/nintis/Package-Provider/vendor/laravel/framework/src/Illuminate/Pipeline/Pipeline.php(219): Illuminate/Foundation/Http/Middleware/InvokeDeferredCallbacks->handle(Object(Illuminate/Http/Request), Object(Closure))
#57 D:/nintis/Package-Provider/vendor/laravel/framework/src/Illuminate/Http/Middleware/ValidatePathEncoding.php(28): Illuminate/Pipeline/Pipeline->{closure:{closure:Illuminate/Pipeline/Pipeline::carry():194}:195}(Object(Illuminate/Http/Request))
#58 D:/nintis/Package-Provider/vendor/laravel/framework/src/Illuminate/Pipeline/Pipeline.php(219): Illuminate/Http/Middleware/ValidatePathEncoding->handle(Object(Illuminate/Http/Request), Object(Closure))
#59 D:/nintis/Package-Provider/vendor/laravel/framework/src/Illuminate/Pipeline/Pipeline.php(137): Illuminate/Pipeline/Pipeline->{closure:{closure:Illuminate/Pipeline/Pipeline::carry():194}:195}(Object(Illuminate/Http/Request))
#60 D:/nintis/Package-Provider/vendor/laravel/framework/src/Illuminate/Foundation/Http/Kernel.php(175): Illuminate/Pipeline/Pipeline->then(Object(Closure))
#61 D:/nintis/Package-Provider/vendor/laravel/framework/src/Illuminate/Foundation/Http/Kernel.php(144): Illuminate/Foundation/Http/Kernel->sendRequestThroughRouter(Object(Illuminate/Http/Request))
#62 D:/nintis/Package-Provider/vendor/laravel/framework/src/Illuminate/Foundation/Application.php(1220): Illuminate/Foundation/Http/Kernel->handle(Object(Illuminate/Http/Request))
#63 D:/nintis/Package-Provider/public/index.php(20): Illuminate/Foundation/Application->handleRequest(Object(Illuminate/Http/Request))
#64 D:/nintis/Package-Provider/vendor/laravel/framework/src/Illuminate/Foundation/resources/server.php(23): require_once('D://nintis//Packa...')
#65 {main}
"} 
[2026-05-15 08:42:20] local.ERROR: RLA Alert system error: Trying to access array offset on null {"exception":"ErrorException","file":"D:\\nintis\\Package-Provider\\packages\\NIN\\RequestLogAnalyzer\\src\\Services\\AlertChecker.php","line":35} 
[2026-05-15 08:42:33] local.ERROR: RLA Alert system error: Trying to access array offset on null {"exception":"ErrorException","file":"D:\\nintis\\Package-Provider\\packages\\NIN\\RequestLogAnalyzer\\src\\Services\\AlertChecker.php","line":35} 
[2026-06-02 16:10:32] local.ERROR: The "--list" option does not exist. {"exception":"[object] (Symfony\\Component\\Console\\Exception\\RuntimeException(code: 0): The \"--list\" option does not exist. at D:/nintis/Package-Provider/vendor/symfony/console/Input/ArgvInput.php:226)
[stacktrace]
#0 D:/nintis/Package-Provider/vendor/symfony/console/Input/ArgvInput.php(155): Symfony/Component/Console/Input/ArgvInput->addLongOption('list', NULL)
#1 D:/nintis/Package-Provider/vendor/symfony/console/Input/ArgvInput.php(88): Symfony/Component/Console/Input/ArgvInput->parseLongOption('--list')
#2 D:/nintis/Package-Provider/vendor/symfony/console/Input/ArgvInput.php(77): Symfony/Component/Console/Input/ArgvInput->parseToken('--list', true)
#3 D:/nintis/Package-Provider/vendor/symfony/console/Input/Input.php(53): Symfony/Component/Console/Input/ArgvInput->parse()
#4 D:/nintis/Package-Provider/vendor/symfony/console/Command/Command.php(245): Symfony/Component/Console/Input/Input->bind(Object(Symfony/Component/Console/Input/InputDefinition))
#5 D:/nintis/Package-Provider/vendor/laravel/framework/src/Illuminate/Console/Command.php(249): Symfony/Component/Console/Command/Command->run(Object(Symfony/Component/Console/Input/ArgvInput), Object(Illuminate/Console/OutputStyle))
#6 D:/nintis/Package-Provider/vendor/symfony/console/Application.php(1107): Illuminate/Console/Command->run(Object(Symfony/Component/Console/Input/ArgvInput), Object(Symfony/Component/Console/Output/ConsoleOutput))
#7 D:/nintis/Package-Provider/vendor/symfony/console/Application.php(356): Symfony/Component/Console/Application->doRunCommand(Object(Illuminate/Database/Console/Migrations/MigrateCommand), Object(Symfony/Component/Console/Input/ArgvInput), Object(Symfony/Component/Console/Output/ConsoleOutput))
#8 D:/nintis/Package-Provider/vendor/symfony/console/Application.php(195): Symfony/Component/Console/Application->doRun(Object(Symfony/Component/Console/Input/ArgvInput), Object(Symfony/Component/Console/Output/ConsoleOutput))
#9 D:/nintis/Package-Provider/vendor/laravel/framework/src/Illuminate/Foundation/Console/Kernel.php(198): Symfony/Component/Console/Application->run(Object(Symfony/Component/Console/Input/ArgvInput), Object(Symfony/Component/Console/Output/ConsoleOutput))
#10 D:/nintis/Package-Provider/vendor/laravel/framework/src/Illuminate/Foundation/Application.php(1235): Illuminate/Foundation/Console/Kernel->handle(Object(Symfony/Component/Console/Input/ArgvInput), Object(Symfony/Component/Console/Output/ConsoleOutput))
#11 D:/nintis/Package-Provider/artisan(16): Illuminate/Foundation/Application->handleCommand(Object(Symfony/Component/Console/Input/ArgvInput))
#12 {main}
"} 
[2026-06-02 16:10:48] local.ERROR: The "--list" option does not exist. {"exception":"[object] (Symfony\\Component\\Console\\Exception\\RuntimeException(code: 0): The \"--list\" option does not exist. at D:/nintis/Package-Provider/vendor/symfony/console/Input/ArgvInput.php:226)
[stacktrace]
#0 D:/nintis/Package-Provider/vendor/symfony/console/Input/ArgvInput.php(155): Symfony/Component/Console/Input/ArgvInput->addLongOption('list', NULL)
#1 D:/nintis/Package-Provider/vendor/symfony/console/Input/ArgvInput.php(88): Symfony/Component/Console/Input/ArgvInput->parseLongOption('--list')
#2 D:/nintis/Package-Provider/vendor/symfony/console/Input/ArgvInput.php(77): Symfony/Component/Console/Input/ArgvInput->parseToken('--list', true)
#3 D:/nintis/Package-Provider/vendor/symfony/console/Input/Input.php(53): Symfony/Component/Console/Input/ArgvInput->parse()
#4 D:/nintis/Package-Provider/vendor/symfony/console/Command/Command.php(245): Symfony/Component/Console/Input/Input->bind(Object(Symfony/Component/Console/Input/InputDefinition))
#5 D:/nintis/Package-Provider/vendor/laravel/framework/src/Illuminate/Console/Command.php(249): Symfony/Component/Console/Command/Command->run(Object(Symfony/Component/Console/Input/ArgvInput), Object(Illuminate/Console/OutputStyle))
#6 D:/nintis/Package-Provider/vendor/symfony/console/Application.php(1107): Illuminate/Console/Command->run(Object(Symfony/Component/Console/Input/ArgvInput), Object(Symfony/Component/Console/Output/ConsoleOutput))
#7 D:/nintis/Package-Provider/vendor/symfony/console/Application.php(356): Symfony/Component/Console/Application->doRunCommand(Object(Illuminate/Database/Console/Migrations/MigrateCommand), Object(Symfony/Component/Console/Input/ArgvInput), Object(Symfony/Component/Console/Output/ConsoleOutput))
#8 D:/nintis/Package-Provider/vendor/symfony/console/Application.php(195): Symfony/Component/Console/Application->doRun(Object(Symfony/Component/Console/Input/ArgvInput), Object(Symfony/Component/Console/Output/ConsoleOutput))
#9 D:/nintis/Package-Provider/vendor/laravel/framework/src/Illuminate/Foundation/Console/Kernel.php(198): Symfony/Component/Console/Application->run(Object(Symfony/Component/Console/Input/ArgvInput), Object(Symfony/Component/Console/Output/ConsoleOutput))
#10 D:/nintis/Package-Provider/vendor/laravel/framework/src/Illuminate/Foundation/Application.php(1235): Illuminate/Foundation/Console/Kernel->handle(Object(Symfony/Component/Console/Input/ArgvInput), Object(Symfony/Component/Console/Output/ConsoleOutput))
#11 D:/nintis/Package-Provider/artisan(16): Illuminate/Foundation/Application->handleCommand(Object(Symfony/Component/Console/Input/ArgvInput))
#12 {main}
"} 
